"Genotype","BV","Std_Error(BV)","Derregressed_BV"
1087120,6.359,0.695401574879602,9.03498692527531
1085618,1.272,0.694312946636632,0.628134518454972
1091040,12.52,0.694530827637098,19.9551429817508
1091686,5.711,0.6704377427373,15.0383210385946
1082624,-7.829,0.693876951607892,-8.21284818087417
1088628,3.64,0.694748630961628,9.0683592786859
1088644,-6.949,0.693985979493553,-15.1608581283269
1084648,-4.749,0.720321102609911,-10.3445612985728
1083276,-6.661,0.658681829656672,-14.1797335101329
1084112,1.493,0.672245417119776,2.77273483186614
1094004,0.2911,0.693113212676713,-2.73088744316384
1084022,0.8367,0.693876951607892,1.09816165789695
1085330,17.94,0.693113212676713,24.0425329243611
1088676,-8.49,0.693440645875408,-18.7297487773076
1088606,-6.588,0.627007884107504,-19.113183855111
1080862,2.822,0.702322811480503,10.5095548221528
1090712,3.185,0.693440645875408,-5.75146298056667
1090718,12.77,0.693876951607892,15.7240770232925
1089706,22.81,0.69518400458288,28.9510417847449
1093734,6.44,0.694421896846357,10.9045760382642
1087716,NA,NA,NA
1088416,3.758,0.673372689140904,5.72362086870448
1088384,-4.669,0.660980648982445,-17.6712861199513
1088608,-7.727,0.53612179586764,-41.1436322171985
294054,4.179,0.682432023846512,6.1895215124628
1082458,10.92,0.692348522215318,13.7778842705543
1093220,5.318,0.693985979493553,15.1503410818204
1085674,-10.78,0.693985979493553,-26.7802342119564
1092304,11.38,0.761516078918751,13.789770054454
1093272,0.4699,0.693331520894827,4.11343698775408
1080958,-5.331,0.656028584744446,-6.22842052835984
1088278,6.426,0.695727784682305,10.3327477626154
1090816,-17.1,0.682432023846512,-33.0195273544312
1081278,-4.046,0.690377806043188,-6.58487005940387
1088664,-6.664,0.76247751281653,-11.5321487660194
1095268,-3.326,0.683541624592201,-6.43513608010626
1093708,5.811,0.694312946636632,9.4750573456868
1083844,5.449,0.694748630961628,7.15201232855368
1089612,23.07,0.694857503495417,29.5605634923045
1087932,-1.743,0.695292799440733,-5.27139850334618
1088686,-1.924,0.682320956967531,-3.79510513754335
1084228,-5.268,0.626646720133603,-8.10804834732383
1091092,11.74,0.693549751437005,18.2270583742614
1083348,1.174,0.682209870669567,5.38001487301743
1091656,-0.8013,0.694748630961628,-1.24974009960872
1090758,15.81,0.713822034721143,21.6910249943372
1091204,9.612,0.695292799440733,10.3573241045385
1085738,-0.1563,0.681987639816685,-2.83315081450508
1087834,-0.1969,0.694203977007923,-1.76658967080262
1086654,13.99,0.709907992853814,22.4000442193631
1087612,8.814,0.672922013360261,14.6115365309965
1085408,-11.29,0.673823054217803,-22.4054546551765
1081892,-0.395,0.681765331287867,2.19743960260629
1092058,NA,NA,NA
1087808,3.893,0.694203977007923,7.57517042786854
1084654,-2.28,0.693549751437005,-5.82118923660774
1091310,5.258,0.673935596939568,-0.362008958490632
1089606,19.25,0.694639739008855,20.8132295810184
1092224,1.815,0.669078724561131,-7.2385439447721
1089374,1.724,0.692894826782663,2.33020408552204
1085648,-9.508,0.682320956967531,-25.0873627485686
1082694,-7.592,0.694530827637098,-7.6781729096642
1090922,-4.737,0.711180324685412,-3.80705618234488
1091020,4.974,0.693876951607892,2.80628095794178
1093256,-1.951,0.681654147894982,-1.37543417271882
1086314,-11.7,0.694203977007923,-10.4127522164328
1091720,2.911,0.683319859794935,7.5619806979288
1082310,8.203,0.684206452928383,24.1765908144873
1092896,3.444,0.694421896846357,9.13234991748204
1091336,11.63,0.695075190306043,14.9691214231327
1093408,-7.035,0.694966356610222,-5.8590886542981
1086440,NA,NA,NA
1088826,4.688,0.771137321345347,6.15674883253085
1091162,NA,NA,NA
1089356,6.741,0.693658837579618,13.589340913731
1082004,5.129,0.695075190306043,4.63764112800547
1085036,21.99,0.694748630961628,28.084548925518
1085876,-5.405,0.691801732173373,-8.31311790935344
1092076,-0.4728,0.695401574879602,-1.71577578730685
1083102,4.184,0.533837181528662,1.77812927825007
1084710,-1.065,0.671116203200248,-3.36995690267787
1090872,-2.986,0.500288604940189,14.7820039985792
1087830,NA,NA,NA
1091732,-9.302,0.659832210268759,-23.7435272176642
1088216,-2.841,0.695401574879602,-10.7332907226693
1087032,2.056,0.694966356610222,-0.772840511293544
1085034,NA,NA,NA
1082418,10.95,0.693658837579618,13.8204477571246
1091048,3.656,0.694421896846357,-0.180442705863688
1081634,8.938,0.693331520894827,13.3356320342984
1091706,3.572,0.673597910517322,9.52786520712037
1082532,8.175,0.681542945083113,7.49509424162445
1092354,6.101,0.689829268292683,3.46436201303557
1086918,1.019,0.693440645875408,5.54653072417041
1088634,-3.896,0.694421896846357,-8.15394518886737
1085462,-2.916,0.674160624126146,-1.57319793538325
1085070,16.79,0.695401574879602,16.271360492405
1084624,2.063,0.693331520894827,4.13683239583709
294374,NA,NA,NA
1091596,17.41,0.69300402943918,22.4395454832724
1089212,1.187,0.692785604707162,1.12126420819335
1082510,6.289,0.693331520894827,3.27958445912057
1085486,-5.939,0.695510330899487,-8.64845672736722
1089708,17.78,0.695510330899487,17.4453512496482
1081274,-5.128,0.654292673217337,-9.98949116963232
1088690,-1.314,0.693876951607892,-2.25252523507612
1088282,NA,NA,NA
1080352,6.765,0.694966356610222,11.3058928713474
1085708,13.35,0.683098017321734,29.2374787066812
1088876,8.89,0.763820257884107,13.7301489085778
1093506,-8.945,0.672696558956035,-10.3587239884382
1082148,7.902,0.69409498796023,11.0032820900961
1091050,12.35,0.692894826782663,19.6505268304463
1084618,-0.7751,0.69300402943918,-2.37774931699817
1086982,-9.011,0.693113212676713,-16.9764567475409
1083812,0.07965,0.69518400458288,-5.01081684003031
1094006,0.9364,0.693876951607892,-1.26218180782097
1084354,NA,NA,NA
1084296,NA,NA,NA
1087660,NA,NA,NA
1080848,-4.193,0.580890748796023,-3.19522463314907
1093812,2.46,0.563359911449433,-0.228442745986739
1089646,14.71,0.694857503495417,10.4119938938026
1089234,3.504,0.694203977007923,6.31261488390429
1084298,1.301,0.657875407798664,9.54898764423436
1081484,4.805,0.694857503495417,4.42428611887873
1084232,-2.631,0.498336336802859,5.31731974581733
1086224,-13.65,0.658912061130962,-15.1526395258577
1093784,2.475,0.695075190306043,1.87874981703518
1092036,9.957,0.695727784682305,22.1232509063624
1080222,8.244,0.694748630961628,14.6888314760202
1085742,NA,NA,NA
1091226,3.578,0.669871824996116,-4.78108254281006
294350,-1.921,0.792487484464813,-3.59413799557116
1085698,NA,NA,NA
1088626,7.664,0.693331520894827,18.3640671430288
1091682,-3.039,0.683319859794935,-6.62045575980625
1086256,-15.77,0.682543071306509,-19.9490930259231
1095386,1.841,0.659487299984465,5.22023846253518
1090770,16.03,0.693549751437005,23.0346601808079
1081598,-1.622,0.67314739008855,-11.6684540708397
1088666,-1.409,0.682209870669567,-2.55999569623761
1089220,0.2334,0.693440645875408,-1.02083698709156
1085332,25.03,0.692894826782663,40.2728736566712
1082134,5.116,0.694421896846357,4.60557922571466
1084404,1.709,0.694748630961628,2.2784598240374
1091438,10.01,0.692676363212677,5.50570405287036
1085108,15.95,0.695401574879602,14.3674845793897
1092042,4.05,0.726023924188286,7.75377737460632
1080428,-10.43,0.6704377427373,-24.7163382314833
1085712,0.5135,0.694530827637098,-1.09217625219758
1082164,-7.923,0.684206452928383,-26.5900669993504
1093754,-5.973,0.694748630961628,-17.334892809804
1081412,16.86,0.693985979493553,32.0498160342866
1092222,NA,NA,NA
1084048,10.8,0.672471026875874,25.897319820684
1083234,-5.218,0.694421896846357,-9.31578043810402
1083818,0.4016,0.694639739008855,-4.29932964821241
1083946,1.243,0.694966356610222,-2.38205952830076
1094054,3.295,0.658336336802859,4.25553920475408
1086884,-12.17,0.693331520894827,-24.0559651715527
1084050,-1.018,0.694203977007923,-3.12658381572094
1088230,6.09,0.695727784682305,9.5695862760424
1094118,-0.9969,0.694312946636632,-5.60236585738075
1084092,-2.87,0.693549751437005,-7.36477539205267
1088212,4.086,0.694966356610222,5.02279005186578
1087250,-7.186,0.682987066956657,-16.9694297689566
1085612,NA,NA,NA
1090852,-10.35,0.7046836162032,-16.0242898743166
1090098,16.17,0.694966356610222,13.9491204449688
1081330,-0.4337,0.442716172129874,16.2399764348675
1080186,-1.312,0.695292799440733,2.94752512916534
1081358,-1.995,0.602547731862669,-2.08282246424162
1087458,-3.438,0.642372601755476,-7.37087233021227
1089844,8.271,0.693985979493553,15.5148159529864
1084122,1.272,0.671681052897312,2.2268165062898
1084346,-5.742,0.725198073636787,-7.6660819847524
1080622,-9.937,0.64425577714774,-13.0480707219029
1080920,-10.79,0.691144943296567,-17.5082052651516
1086408,4.673,0.691035410517322,7.05127989872936
1085780,1.458,0.693985979493553,1.0496650025933
1084406,-0.754,0.745869038371912,-2.57902879418481
1093712,-9.836,0.65902714773963,-30.7207260333178
1091068,6.257,0.763149361115426,5.92894403590314
1094066,-0.9234,0.71128622611465,-4.94987748055096
1084642,-2.364,0.657414168090726,-7.06703986485449
1084248,-6.606,0.657298809616281,-11.0452945934456
1082618,-10.63,0.694203977007923,-14.5188466768609
1080886,-1.728,0.655219036430014,2.24834775295322
1092168,-5.798,0.646954132359795,-17.245509559815
1091608,-0.3216,0.694639739008855,-0.156698609087343
1081450,2.004,0.682765107969551,-2.32249940255956
1084462,-1.718,0.695292799440733,-5.54925930470202
1080830,-12.57,0.744376640904148,-18.8646513845097
1090412,4.317,0.693331520894827,1.99976449333129
1086032,10.09,0.694203977007923,15.7895086909379
1082696,-9.371,0.693658837579618,-11.6925570059164
1084408,0.4607,0.695075190306043,-0.575756530787904
1090104,3.224,0.682654099347522,-17.4239685652176
1086910,-2.461,0.693440645875408,-2.26198766047602
1081842,-12.05,0.657414168090726,-27.7231352034928
1088822,2.32,0.694421896846357,1.82269097223174
1081570,7.175,0.763053441043965,8.83013667272156
1084272,-6.806,0.681765331287867,-10.8333536826537
1081342,-8.415,0.622177994407333,-20.6564025703289
1092890,3.377,0.694203977007923,8.98748101474245
1081724,10.2,0.693440645875408,16.2036606892575
1081270,0.2395,0.578335210501786,5.90244150772306
1087680,16.21,0.694312946636632,30.7134717955892
1092416,0.5907,0.704576510796955,3.78399430596983
1081692,4.015,0.779173518331521,2.97554939070536
1090422,12.65,0.740977697296877,18.5801249398972
1092320,5.649,0.70221527885661,2.70211270099802
1080030,-3.705,0.695075190306043,-2.53671543914823
1086914,-5.12,0.693876951607892,-8.21927962922743
1087124,-0.4162,0.694857503495417,-6.41689214506241
1080408,-9.16,0.693440645875408,-19.8577293502498
1086634,NA,NA,NA
1091018,12.73,0.693658837579618,20.4783342613405
1088014,-4.64,0.694312946636632,-3.34083381945068
1090442,10.59,0.719695422945472,15.2696723404855
1087040,4.137,0.6461339812801,3.90722082094029
1096166,-6.83,0.669871824996116,-14.8698560932228
1091060,NA,NA,NA
1093606,-0.5964,0.6461339812801,-6.94064348243975
1084734,0.2504,0.681765331287867,-0.0442415776425311
1085980,3.983,0.709801838977785,11.9681275588895
1094112,9.392,0.693331520894827,17.8104416834683
1082412,4.055,0.682320956967531,-2.22780979216572
1090652,15.57,0.585217337268914,29.4067062242125
1092560,-4.285,0.628811082414168,-8.67200020952691
1093222,-9.335,0.771043032468541,-14.5600505925064
1086438,3.469,0.487248630961628,7.67620603431711
1082584,0.04076,0.693658837579618,-10.8352380242334
1088936,12.59,0.694203977007923,25.0740572110126
1087822,1.229,0.694857503495417,1.48913787658025
1082210,-3.779,0.684317189684636,-4.37455873728892
1084330,NA,NA,NA
1095230,-6.391,0.768015535187199,-10.3635431088862
1090008,16.79,0.695075190306043,15.3709813562465
1084006,-0.9295,0.69300402943918,-2.94156319389794
1083204,-0.2599,0.694203977007923,1.82834155205956
1080086,-8.262,0.696271079307131,-12.9533146948964
1095934,3.979,0.67122921197763,4.00454734931627
1087620,0.8598,0.694530827637098,-4.36390096916547
1092922,-1.706,0.672583802625447,-2.81180737229223
1080646,-6.722,0.672696558956035,-4.73361132310229
1095216,-12.01,0.626044391797421,-30.7089261557391
1093934,-0.5786,0.62809032740407,-8.31725865794719
1084172,-1.312,0.694312946636632,-3.79432011316185
1083820,-4.014,0.695075190306043,-14.2876776733582
1087324,NA,NA,NA
1091014,13.68,0.672245417119776,24.0711003843252
1091646,-2.855,0.646485591113873,-7.17209240071512
1084732,1.679,0.69300402943918,3.25946956358228
1093778,14.47,0.695075190306043,29.1232614261249
1083922,2.957,0.694312946636632,1.4956352889463
1093440,-6.142,0.694748630961628,-3.84499024289234
1093262,NA,NA,NA
1088842,0.7712,0.693549751437005,-1.69562335609054
1091232,9.242,0.694748630961628,9.51370290933868
1088010,-3.23,0.693985979493553,-0.135908282375745
1082562,18.37,0.693767904303247,30.5811765766788
1082726,-17.16,0.704469385971726,-28.4154354567354
1092030,-10.99,0.644960686266895,-32.195897034213
1091302,15.36,0.69518400458288,23.4851716084761
1084630,0.4185,0.692785604707162,0.363940934427631
1081650,5.37,0.682320956967531,5.20210886866817
1091552,20.91,0.692894826782663,30.4511616087923
1084516,11.27,0.693985979493553,24.2261290997575
1081260,-0.2395,0.653132971492931,2.40763253285252
1086326,-19.11,0.695075190306043,-27.1447767894071
1089626,23.81,0.659947141525555,33.337230545376
1089254,3.084,0.692348522215318,5.40028487298781
1093216,NA,NA,NA
1086920,-5.663,0.692894826782663,-9.46054173608752
1087078,6.695,0.694203977007923,9.82604042127173
1089214,5.844,0.682320956967531,12.0283901615038
1090636,15.72,0.693658837579618,22.3352826071893
1085276,17.8,0.69300402943918,23.7269456850114
1085430,-2.95,0.695075190306043,-1.83330605665832
1086512,1.143,0.603044547149293,-1.88842707786642
1088040,-7.913,0.760649128087618,-9.71959041994673
1091666,NA,NA,NA
1093360,2.571,0.694312946636632,8.87320816904628
1086718,3.897,0.691801732173373,0.296863499907827
1088638,-5.598,0.693876951607892,-12.0707882867845
1080116,-7.804,0.674048120242349,-12.6029124824836
1082218,-0.9924,0.695727784682305,2.0142303707156
1082644,-12.52,0.69300402943918,-18.8253079485257
1087454,-0.5744,0.736140972114339,0.0607755662946554
1086658,2.295,0.669871824996116,-4.32256957583822
1087330,-7.221,0.694966356610222,-16.2668198665177
1088430,8.951,0.683208948267827,18.0372261331015
1081862,1.495,0.692894826782663,6.2850669925729
1082288,-7.745,0.684206452928383,-13.8255020181197
1093214,-9.296,0.693440645875408,-18.2017608912983
1082098,5.575,0.695401574879602,5.65788509613624
1080282,4.502,0.694421896846357,6.15076613978196
1080132,0.5975,0.695945160789188,7.29446062728478
1082182,NA,NA,NA
1094050,7.423,0.672019729687743,14.289637891541
1090428,9.047,0.670550868028585,13.3033712073459
1092044,NA,NA,NA
1085414,-5.46,0.695292799440733,-7.5600074848089
1088044,-4.859,0.69409498796023,-3.83602427976214
1082048,10.14,0.694748630961628,16.1162196129805
1082234,-6.617,0.752285604707162,-9.43362901495847
1089722,13.25,0.673485309538605,6.06747134773584
1087228,-1.546,0.694748630961628,-3.31343984590729
1093296,-6.746,0.682654099347522,-12.810714927097
1090446,2.335,0.671793964579773,-3.23957538698664
293480,-0.4504,0.695075190306043,8.96008322131734
1080212,0.4539,0.694421896846357,-3.1015211588156
291400,2.892,0.683319859794935,-5.66891941149524
1086466,10.34,0.654408536585366,21.623909524879
1082058,5.636,0.694530827637098,5.79825398066194
1085244,14.99,0.68143172285226,17.4926055222249
1087616,3.788,0.669758583190928,2.04697763879142
1087522,-3.48,0.657760127000155,-7.07820375572182
1094136,4.656,0.672019729687743,7.50615188670137
1080174,-5.009,0.684095696753146,-5.57039870345202
1086186,5.353,0.660062053363368,4.82451565770537
1085058,13.33,0.695292799440733,8.4255399179119
1093686,8.529,0.682876097172596,16.2531027280059
1082040,9.148,0.694639739008855,13.8472117141579
1085610,9.68,0.69409498796023,19.739438777953
1081440,8.532,0.693876951607892,12.9669289807442
1088030,-7.329,0.693876951607892,-9.44604893441548
1091778,2.92,0.695075190306043,7.2189261221863
1081868,0.8327,0.681542945083113,5.10230054615114
1087526,-5.604,0.658336336802859,-12.5959756304887
1092032,3.911,0.694857503495417,8.33255144811503
1088622,5.148,0.69409498796023,12.5461789973363
1087062,1.319,0.703611688286469,-2.23501463137625
1094030,1.81,0.693549751437005,0.702699588121971
1087828,1.223,0.695401574879602,1.47452077470159
1090418,NA,NA,NA
1088848,8.541,0.693767904303247,15.9287060017092
1092026,5.607,0.695292799440733,12.2017889745061
1081588,12.46,0.692567102299208,22.0599338020961
294266,-10.61,0.611074248485319,-37.7216262361727
1085744,4.035,0.69409498796023,6.90776132410946
1092512,4.049,0.693985979493553,11.8829173410788
1083074,11.33,0.693331520894827,19.7656615887643
1081896,-0.6618,0.562969152943918,4.74872035620802
1091598,22.04,0.68143172285226,33.9410344303719
1093212,6.797,0.694857503495417,18.4522471403112
1086622,8.151,0.769910051266118,9.27409285910501
1090982,-4.07,0.669758583190928,-1.82944107436726
1083876,3.301,0.659257262700016,1.99556812289636
1091418,8.844,0.703611688286469,3.2702006082455
1090456,8.276,0.681097939645798,11.1810655971761
1087820,1.003,0.694857503495417,0.974237826913731
1088220,NA,NA,NA
1086262,-11.57,0.500845696753146,-3.92971299087072
1093258,-8.233,0.693985979493553,-15.744847150378
1080360,-2.425,0.69518400458288,-9.64329432893066
1086528,3.15,0.690487455336337,3.75456682839335
1089816,8.087,0.682654099347522,15.6593413486881
1088452,-1.721,0.682320956967531,-7.57435315310255
1087846,NA,NA,NA
1091054,11.15,0.693658837579618,16.8776413286149
1082428,NA,NA,NA
1083282,-6.564,0.693658837579618,-12.3700608100142
1088052,-6.504,0.694530827637098,-7.56698389452277
1081696,5.197,0.624234493941277,4.58389260745452
1080916,-3.301,0.669078724561131,-1.59817587633406
1093234,6.524,0.673372689140904,19.6441260232376
1093764,1.31,0.646368407254932,-1.6131080005574
1088056,-3.995,0.694312946636632,-1.87791074824101
1093528,2.281,0.786702180751903,9.0815138942167
1093510,-5.954,0.658221133680286,-2.70134159733687
1088836,-2.12,0.693549751437005,-8.25785469597575
1086962,3.367,0.644138224328103,13.7694378726182
1089992,1.602,0.694530827637098,0.473181536580414
1088620,-12.74,0.69409498796023,-28.4154198003886
1085164,23.86,0.694203977007923,32.3653794654135
1085440,NA,NA,NA
1095076,5.418,0.654640205064471,6.39912009318913
1084212,-2.272,0.642136855289731,0.543920175684756
1080024,-6.371,0.695727784682305,-8.64344366719883
1081828,-2.28,0.693440645875408,-2.25484870783907
1082260,2.05,0.695292799440733,8.9606962066199
1080964,-4.511,0.555905614028274,-4.12916130538364
1093340,5.609,0.69409498796023,15.8061461443063
1085470,-4.348,0.69409498796023,-5.02930775427318
1080178,-3.42,0.695836482445238,-1.89095270932987
1089634,15.89,0.694857503495417,13.1147824256485
1092438,-6.997,0.609844250038838,-18.3612687662664
1092326,8.74,0.65487179586764,9.50825789009007
1093818,8.677,0.672696558956035,16.6711565511666
1088422,-5.415,0.693985979493553,-15.5954558779109
1090746,NA,NA,NA
1091212,5.424,0.695075190306043,0.789828790596532
1088142,-9.897,0.693440645875408,-15.2963257957661
1088234,3.335,0.695945160789188,3.31215069646875
1088260,-4.268,0.696053819714153,-13.9348806215672
1093844,-4.202,0.728801994329657,-11.669700453396
1091660,1.375,0.694639739008855,3.71035678131152
1093228,-1.134,0.694203977007923,0.437941244611851
1087644,5.894,0.694639739008855,7.13185319847294
1087848,-6.759,0.694312946636632,-16.7475884678782
1080148,-7.456,0.695401574879602,-11.1349630614925
1082596,8.364,0.681654147894982,7.94296860023714
1089210,1.36,0.693222376495262,1.51043883384866
1089934,-4.759,0.693549751437005,-13.9088633438458
1085242,12.51,0.693658837579618,11.633054408531
1081980,-7.685,0.692785604707162,-14.4869841376533
1087352,4.75,0.694639739008855,11.0773434356335
1087618,0.5878,0.693658837579618,-5.01882155276434
1089702,22.09,0.695292799440733,27.3000427680249
1083298,9.399,0.704790702190461,22.5769706200155
1093810,NA,NA,NA
1091038,13.5,0.693549751437005,22.2396425192156
1092498,-2.724,0.720841968308218,-3.37755949260352
1085476,-1.1,0.69518400458288,2.38727420195443
1080314,-4.906,0.694857503495417,-15.3205689338429
1087786,1.714,0.693658837579618,-2.43814417491416
1092894,8.35,0.694421896846357,20.3614596252348
1081916,4.649,0.693222376495262,13.4006959059516
1084422,-2.933,0.69409498796023,-8.36881785448168
1080276,11.43,0.695619067500388,21.8981580526952
1080730,-7.1,0.671568121795868,-5.63613164301343
1087286,NA,NA,NA
1081408,NA,NA,NA
1087006,-2.094,0.694966356610222,-10.2397282476469
1081436,6.666,0.694421896846357,8.68094074372743
1092014,0.3575,0.647656361659158,0.113976497498387
1084042,-6.143,0.64378544935529,-18.4731722583339
1088412,5.545,0.69409498796023,9.55805055985839
1082342,-4.224,0.537865067189685,-8.25730899356935
1088846,1.734,0.694203977007923,0.495201289308185
1087430,1.943,0.694312946636632,5.94497111692367
1080214,11.07,0.695619067500388,21.0791681131093
1081894,-10.69,0.642726075811714,-25.6334154078617
1094448,-3.2,0.6704377427373,-7.2766890208284
1083012,0.2449,0.627729687742737,-8.79581280620052
1092820,1.04,0.694421896846357,3.62994882954122
1094116,-0.969,0.672019729687743,-6.28391272378766
1085340,13.33,0.693549751437005,13.5037257277618
1085204,10.33,0.694203977007923,6.67387650824692
1084644,-2.981,0.608489008855057,-11.2421733842148
1085054,NA,NA,NA
1086514,-10.51,0.66828467259593,-28.1593988824606
1093974,14.07,0.693549751437005,27.8747407840374
1086152,1.248,0.694312946636632,-4.46267631029605
1090818,-7.506,0.609598017321734,-12.0509369525289
1082474,11.66,0.693331520894827,15.433450959357
1080874,-6.403,0.709270778312879,-8.11540088347956
1083858,8.327,0.694857503495417,13.6755135975843
1083838,3.961,0.69518400458288,3.77767820934484
1085274,16.06,0.693222376495262,19.7421597901223
1085436,-12.99,0.674048120242349,-26.6136374684473
1086518,-9.023,0.678086026099115,-23.7511904262382
1080472,-2.197,0.622056849075656,-5.64152245435961
1082248,-10.11,0.696053819714153,-18.7213571914123
1086662,-4.773,0.718232785070685,-17.1770813548986
1090810,-4.046,0.672245417119776,-1.80832516613583
1085704,NA,NA,NA
1087318,0.1257,0.693767904303247,0.508899455807856
1092020,-2.097,0.721778303169178,-4.87294242060074
1081720,9.911,0.693658837579618,15.5377295033355
1084222,-12.69,0.562578219667547,-41.9961914651306
1082404,5.253,0.692894826782663,0.922469713573056
1082180,0.6291,0.630370320024856,-9.3868711487897
1080644,3.408,0.693985979493553,17.5902459729141
1087810,4.375,0.758426440888613,7.13005621789796
1090218,1.483,0.720946083190927,3.97340543612496
1084712,-4.855,0.692676363212677,-11.7651962674126
1094160,-4.308,0.669418741261457,-14.6515190237745
1085424,-2.746,0.684317189684636,-1.26043862511035
1081846,-8.129,0.703397069675315,-14.9835275649413
1091566,23.8,0.693549751437005,37.003761960035
1092926,-2.905,0.694312946636632,-5.40146183838163
1087364,-3.887,0.694530827637098,-8.66971505315383
1090258,-6.673,0.645195500621407,-16.8965490199232
1093860,6.924,0.682098764952618,11.9971966328924
1092418,-11.99,0.608982095696753,-35.1114043002523
1084146,5.442,0.693876951607892,11.6001774909666
1087626,9.288,0.694203977007923,14.8963990380373
1087646,6.654,0.694530827637098,8.86841172019326
1080372,-0.3475,0.694966356610222,-4.91592895842512
1091028,7.563,0.693440645875408,8.70486534728452
1091034,3.615,0.692457821966755,-0.326376144111702
1080492,-6.588,0.657644826782663,-16.1480911242703
1086352,-8.031,0.535584744446171,12.6726430777354
1087506,-8.888,0.682209870669567,-19.2964223806358
1087218,NA,NA,NA
1090250,-8.751,0.643550168945161,-22.8094874909237
1090632,15.17,0.693549751437005,21.1078032330536
1090048,17.29,0.684206452928383,16.4551077931074
1093218,-1.397,0.693985979493553,-0.159317908601882
1087528,-3.821,0.692129864455492,-7.09941032659509
1089828,-0.9287,0.694421896846357,-5.22775758295087
1091012,10.47,0.672696558956035,16.0841756010493
1087234,4.016,0.694966356610222,9.38729634368858
1080140,-4.779,0.69518400458288,-5.00083738347517
1083054,3.965,0.693767904303247,3.01212973236609
1091254,20.91,0.695075190306043,36.1718019951494
1085454,NA,NA,NA
1086532,10.23,0.690706695665683,19.1056547622513
1080814,-7.116,0.555774273729998,-13.1984104366841
1093658,-0.4421,0.644843249961162,-6.56669656003524
1085434,-6.221,0.694857503495417,-9.30506379322265
1086646,9.995,0.690706695665683,14.3574668845942
1086056,7.688,0.694530827637098,10.2807738633649
1090324,0.4558,0.65902714773963,2.6088495205203
1089912,2.191,0.693658837579618,1.79697613725499
1085624,-1.339,0.693876951607892,-5.31383829299511
1084414,NA,NA,NA
1081810,7.016,0.692894826782663,18.7746993683292
1091238,6.575,0.695401574879602,3.42675111166002
1087642,8.157,0.69409498796023,12.3133613548133
1085450,NA,NA,NA
1085916,NA,NA,NA
1090618,4.864,0.693549751437005,-1.98311270131396
1090028,17.7,0.694639739008855,17.4546859813739
1087022,14.99,0.694857503495417,28.7422806606426
1092016,-2.655,0.717918867484853,-6.12106922672905
1080608,-11.64,0.682654099347522,-16.299305076007
1091554,13.27,0.693658837579618,12.9727600894963
1085880,-3.863,0.724370980270312,-4.62575746810945
1080494,10.1,0.672019729687743,25.113697893595
1087034,9.411,0.69409498796023,16.0451599447437
1080656,-7.248,0.457766341075035,2.45866958140564
1090716,7.083,0.763053441043965,4.52115235030456
1085024,10.92,0.672696558956035,1.61511301827283
1085062,21.07,0.69518400458288,25.9793970588514
1089226,-2.104,0.672245417119776,-6.9101415578927
1082140,9.171,0.69518400458288,13.8820251228673
1089244,6.798,0.693440645875408,13.7274069105938
1080228,9.913,0.694530827637098,18.5115896489316
1086642,14.18,0.651622456113096,27.1258914679037
1090978,-4.129,0.561012738853503,0.881976599945934
1083284,-1.052,0.694203977007923,0.0470087708943298
1090856,-7.53,0.67314739008855,-10.4302336875439
1093458,-5.979,0.694639739008855,-3.47582496419713
1086158,-0.772,0.673372689140904,-10.3992522024876
1080782,-4.828,0.693876951607892,-0.770274622895406
1080478,-5.093,0.692894826782663,-10.802376978234
1080420,9.038,0.727466172129874,18.3869866369076
1086420,1.027,0.637286934907566,-1.59216883636753
1087508,-0.9205,0.672922013360261,-0.447412400337317
1084478,1.471,0.695619067500388,1.73224145847024
1087390,4.704,0.694421896846357,10.9816733884875
1081442,5.264,0.694530827637098,5.47312781105756
1089966,3.116,0.711392108124903,3.79946218356279
1085354,5.979,0.692785604707162,-3.32078317179486
1089842,4.4,0.69409498796023,6.77977379851666
1085032,11.99,0.694966356610222,5.37230410355596
1089916,3.623,0.693549751437005,5.03270633096014
1087694,6.006,0.682320956967531,7.5109065825251
1087654,9.402,0.694639739008855,15.1397381935435
1084568,-0.8784,0.672132583113252,-4.11695911873364
1086640,3.389,0.679761059111387,-1.24167446290196
1088468,9.126,0.695075190306043,17.7152555040644
1088254,6.277,0.696053819714153,9.98595669039006
1084524,14.32,0.695075190306043,31.0989496420371
1080918,-1.672,0.69081628670188,1.61722928627663
1085664,0.9367,0.694203977007923,-0.134199797638496
1087426,-8.363,0.672471026875874,-18.7223182287966
1088668,5.074,0.693985979493553,12.3822503801812
1086260,-12.06,0.682320956967531,-11.1576311489112
1088456,-0.0475,0.694312946636632,-3.26806696971404
1090130,18.22,0.694857503495417,18.6471931923099
282200,12.15,0.694530827637098,20.7339466502386
1083062,11.14,0.720112620397701,17.9660659613997
1090482,3.079,0.693440645875408,-0.796169496922803
1085418,4.791,0.694966356610222,15.8463445670122
1081414,4.634,0.683319859794935,3.98353462654853
1086068,5.894,0.694639739008855,6.17586198918648
1081244,-11.73,0.691144943296567,-23.538214042009
1090672,9.735,0.693767904303247,8.93168462111173
1086064,2.848,0.69409498796023,-0.8042566208373
1093862,2.063,0.694639739008855,0.564024265254055
1090230,-0.9829,0.46080953860494,-2.22463269925537
1085438,NA,NA,NA
1089712,12.72,0.694966356610222,5.85910932235909
1088272,NA,NA,NA
1080238,-2.458,0.694748630961628,-9.7404222718887
1090772,5.972,0.693331520894827,0.491427702446217
1090690,12.53,0.73390918712133,14.5633460393399
1089724,16.88,0.673485309538605,15.1400303724136
1087776,-1.511,0.682654099347522,-10.4888289357987
285600,-5.019,0.682876097172596,-6.69276467454113
1086944,-6.407,0.681987639816685,-11.4911394138406
1081448,4.371,0.693549751437005,3.42446674008352
280200,-6.524,0.694966356610222,-9.00679660907134
1085060,19.37,0.695401574879602,22.1189793680949
1081604,-0.3924,0.693549751437005,-7.89061712890008
1088122,0.6151,0.69409498796023,8.59011965587292
1086364,-12.67,0.62809032740407,-12.5735295352402
1088404,0.78,0.693985979493553,-1.37603649198838
1088386,7.18,0.69518400458288,12.0636373070198
1080786,-8.749,0.711497970716172,-9.43165490255152
1082010,4.647,0.694857503495417,3.53315354469036
1082614,-11.13,0.693549751437005,-15.6646449585526
1092510,-5.766,0.645430237299984,-12.2974110874977
1082044,2.214,0.695401574879602,-2.02213518469969
1082250,-6.259,0.741879602299208,-8.95719991105106
1092882,-2.175,0.693985979493553,-3.73342233960469
1080332,1.636,0.69518400458288,-0.389010022120949
1088432,-3.961,0.694421896846357,-12.2329546468086
1094184,NA,NA,NA
1088314,8.887,0.673823054217803,17.0797626234327
1081642,6.686,0.692457821966755,8.21885795416484
1086452,1.406,0.68971950248563,-0.0366725584885443
1082224,-6.76,0.695945160789188,-11.1084325671798
1081838,-1.052,0.693767904303247,0.51397919349319
1091450,12.51,0.693113212676713,11.2342668648884
1086222,-12.88,0.609474871834706,-13.2543314738832
1081416,9.612,0.69409498796023,15.4343283889857
1089236,3.227,0.693876951607892,5.69745783742447
1084632,4.629,0.671681052897312,10.9024290079553
1080154,-0.4847,0.695619067500388,4.83197811316992
1093450,-2.162,0.673034711433898,6.28543349259454
1080470,-0.07133,0.587245611309616,0.969311251230693
1095588,8.819,0.660521506524779,7.00334260648956
1090122,19.2,0.695075190306043,20.8913360005811
1085724,14.37,0.693876951607892,30.4242666772247
1087214,NA,NA,NA
1090944,-6.855,0.560098250349542,-11.4416841464152
1086074,8.696,0.694312946636632,12.5929851216183
1085120,20.83,0.694639739008855,25.4522374314846
1085320,23.59,0.692894826782663,36.9783057832728
1087038,5.433,0.673034711433898,7.17818624631122
1092312,2.564,0.691363950598105,-4.35728220400019
1087634,2.992,0.695401574879602,0.520381753730706
1081280,-3.078,0.678421382243281,-4.55061778216266
1088646,-1.836,0.693767904303247,-3.45008865985056
1093626,10.03,0.502098017321734,59.0419173655118
1086180,10.95,0.720425314587541,16.6289722936871
1095708,14.45,0.670663973900886,22.2556981105149
1086632,7.069,0.680429848920304,7.6366255593029
1093814,NA,NA,NA
1085446,-6.573,0.695510330899487,-10.0933113722343
1090204,-2.422,0.694530827637098,-4.35141051691465
1086228,NA,NA,NA
1081854,-2.742,0.710014127310859,-3.23910147932239
1085322,13.55,0.693985979493553,14.004425075065
1088266,NA,NA,NA
1090060,19.63,0.694857503495417,21.8797118039802
1088106,-13.5,0.693767904303247,-23.4732699541263
294390,3.146,0.735431878204132,5.5697246713357
1085666,-1.955,0.692457821966755,-6.76176882146842
1080458,-7.837,0.657414168090726,-19.3680204050524
1084032,2.998,0.682543071306509,6.27311633403707
1080932,-7.973,0.582038206851018,-14.9160133641192
1093624,9.546,0.726642496504583,16.302640203888
1087418,-1.198,0.694203977007923,-1.13710054621539
1088856,-6.628,0.644608319092745,-23.2824182700375
1082266,-9.868,0.659602289498213,-20.5938062604772
294000,0.8625,0.693331520894827,-2.18347478437224
1087048,-0.4823,0.683652477862358,-7.06045083591388
1081628,-1.576,0.607501903060432,-18.2530362564208
1088294,10.08,0.695836482445238,18.6257075975834
1080604,-0.2585,0.693222376495262,9.4643145628281
1084230,-6.415,0.693440645875408,-9.64497007862775
1080272,-2.405,0.694748630961628,-9.6194401705395
1091358,4.012,0.695619067500388,-2.41193940457676
1082270,-9.165,0.660291818782041,-18.6872724543818
1090070,26.63,0.694530827637098,37.9534740665314
1087326,-7.004,0.695075190306043,-15.764790858019
1083280,-6.412,0.645195500621407,-14.2347145746413
1085758,1.832,0.693876951607892,1.90021294263841
1086218,-3.837,0.741178256563617,4.31406996857605
1086374,-8.13,0.684206452928383,-1.9187960047647
1087008,1.304,0.694966356610222,-2.48828619267613
1092118,0.5688,0.67472285226037,0.683220522333455
1081208,-4.268,0.653944966599348,-7.82008845274087
1090808,NA,NA,NA
294208,3.578,0.721154254699394,6.72220575105915
1090346,-4.533,0.747951054450831,-7.71779710630676
1082124,10.76,0.694748630961628,17.5365773535676
1090850,-0.5183,0.658681829656672,7.6820580191584
1083268,-3.165,0.704897768758739,-4.59794860689752
1086984,-2.088,0.69409498796023,-1.42793100274256
1092406,-9.167,0.564531138340842,-33.0708587659406
1092206,9.863,0.637524273729998,12.6729400950524
1080950,-1.834,0.754047994018953,0.288054782647647
1094110,-4.749,0.693876951607892,-14.0655232748134
1093502,-11.64,0.694748630961628,-16.2346462563046
1085428,-11.32,0.695401574879602,-20.9187318456182
1082496,NA,NA,NA
1084014,0.01911,0.725817578064316,-0.611647645676806
1088464,7.673,0.673485309538605,15.4911037801606
1091216,12.41,0.69518400458288,16.7479609519736
294272,-1.409,0.5379990290508,-11.2589148574704
1086246,-9.945,0.69518400458288,-6.46190708549141
1084730,5.495,0.693440645875408,12.0053416612772
1082610,-8.555,0.672019729687743,-10.0563629645302
1086650,10.34,0.6704377427373,15.8817322509334
1088406,NA,NA,NA
1092500,-4.584,0.628691005126612,-9.57768170957108
1083288,-1.229,0.681987639816685,-0.275594465751083
1085326,7.819,0.671116203200248,-0.230013535852952
1091422,14.7,0.680763981668479,16.3776147791508
1081614,6.691,0.669758583190928,8.49048495030168
1083014,11.78,0.681320481202424,21.5618906540886
1093534,-18.96,0.694748630961628,-32.7301504429502
1086252,-16.63,0.672019729687743,-22.3884844047489
1090832,-8.739,0.500984921158925,-30.500847894405
1080008,1.784,0.695727784682305,10.0200780827339
1085448,5.245,0.695401574879602,16.8480806782388
291600,12.89,0.672019729687743,11.9793283037447
1091016,0.4874,0.692239203044897,-7.49901504406514
1081490,-4.058,0.693985979493553,-15.8903867811412
1093410,-7.651,0.69409498796023,-7.24369670285824
1092328,14.89,0.690925858319093,23.0140477644979
1081806,1.326,0.692676363212677,5.90950673480317
1093264,-1.352,0.694857503495417,-0.0644647848493725
1082740,-16.38,0.658221133680286,-30.5460186632497
1081708,-6.464,0.693331520894827,-21.7217157870203
1090946,-9.164,0.69409498796023,-13.7547290918975
1080684,-8.874,0.693876951607892,-9.79506366785832
1088238,1.85,0.696053819714153,-0.0564849198550797
1091530,25.78,0.693658837579618,41.5106535395035
1086442,NA,NA,NA
1085172,17.37,0.695510330899487,17.5857801450419
1089836,-0.1653,0.693985979493553,-3.51815554418358
289400,10.22,0.693767904303247,21.390889785471
1083882,5.017,0.694203977007923,6.17652826968315
1089230,0.06331,0.671455171275439,-1.63647089711572
1080660,-14.03,0.704576510796955,-20.798339978034
1086812,2.854,0.693658837579618,9.65403677076153
1081878,-3.704,0.69300402943918,-5.4748300441297
1088548,2.798,0.694639739008855,3.25381265264543
1089840,7.386,0.693985979493553,13.5181847550685
1081426,6.448,0.694203977007923,8.18480020010561
1081782,10.23,0.643079375097095,18.811578812826
1090256,-1.473,0.67280929586764,-2.32721843843886
1088268,13.2,0.694639739008855,25.8131281432642
1090662,12.93,0.693876951607892,16.0821295369011
1087436,-1.691,0.458491688674849,-7.5779518985527
1092444,-3.141,0.533433431722852,-7.8892818544476
1081640,6.87,0.735026254466366,8.19266013184749
1087240,-0.8287,0.694421896846357,-1.67636942749051
1087924,-0.9729,0.693767904303247,-3.54680110455335
1090440,12.92,0.657644826782663,23.801708351799
1094028,-3.541,0.694312946636632,-11.3222575004019
286600,-0.6352,0.698331171353115,-4.27715294803774
1092908,-3.264,0.694857503495417,-6.21234053620158
1091664,-1.827,0.672696558956035,-3.87800354680818
1091308,14.41,0.694966356610222,21.3260167494401
1086034,5.464,0.672471026875874,5.14690603344534
1085814,-2.423,0.670098250349542,-1.40497733619028
1080850,NA,NA,NA
1081898,1.356,0.692785604707162,5.97402302827496
1090464,15.54,0.692894826782663,27.4069960118515
284400,-7.551,0.693549751437005,-12.206098073044
1080424,-0.563,0.725094754932422,-0.651868618352975
1082598,11.72,0.682320956967531,15.8677158861861
1085064,4.264,0.695292799440733,-12.1313077637552
1087824,1.467,0.694312946636632,2.03350546709079
1086040,7.189,0.683319859794935,9.29742604441577
1090126,20.2,0.695619067500388,23.1706410326747
285210,3.554,0.672132583113252,-10.7792749426915
1092228,18.98,0.690377806043188,32.1495565098324
1093756,5.026,0.726333297731863,7.16130882858999
1091716,NA,NA,NA
1090454,4.295,0.497777846823054,-8.0652756255728
1090424,4.774,0.562838861270778,0.187522038428715
1088114,-1.542,0.694203977007923,3.68962844223708
1089624,21.69,0.68387412614572,26.7755910508218
1092204,10.69,0.691035410517322,13.6786334180783
1091454,18.88,0.681654147894982,26.3648150713959
1090838,3.097,0.736140972114339,11.358696050615
1086666,7.036,0.680206996659935,7.55800920936995
1087432,1.987,0.668738533089949,6.81595273389495
1093494,-14,0.69409498796023,-21.5864173629912
1083090,0.4208,0.609105318859717,-9.57145046673552
1080792,-10.49,0.682098764952618,-13.6363077639569
1082638,-9.452,0.693876951607892,-11.8717488264911
1087344,-3.865,0.694966356610222,-8.60505836420816
1093732,1.209,0.69518400458288,-0.995092875473587
1087346,0.858,0.694312946636632,2.18356577965528
1084206,NA,NA,NA
1093914,8.684,0.627248562995184,19.7509570501032
1091610,7.718,0.694421896846357,18.1836696773617
1090820,-6.096,0.701031138340842,-6.74916255011846
1086714,14.62,0.656259709491999,27.8779537056212
1087912,2.416,0.694639739008855,4.19617886789107
1082434,9.619,0.671116203200248,11.0100896112444
1094714,1.235,0.672922013360261,2.2439887120016
1086428,NA,NA,NA
1088458,9.054,0.694748630961628,17.5700186022898
1088494,6.294,0.68343075190306,11.6614242569231
1092826,9.004,0.694748630961628,21.8292388119777
1091718,0.09708,0.694421896846357,0.798652063650577
1081946,NA,NA,NA
1080164,-2.116,0.695727784682305,1.09454346290098
1087962,2.361,0.69518400458288,4.06434807785153
1084628,3.915,0.693440645875408,8.38217156994383
1084662,-7.626,0.657760127000155,-21.0574770095458
1081474,-6.995,0.645078103153643,-29.0952040755934
1088838,-2.012,0.720841968308218,-6.99609616099178
1090528,-1.647,0.671003175003884,-13.094300665754
1084586,0.9579,0.694857503495417,0.559966084473611
1090444,1.921,0.681209220133603,-3.87379143999671
1082516,8.496,0.693658837579618,8.2742270389579
1087806,0.594,0.694966356610222,0.0428201270373651
1093830,6.938,0.693767904303247,11.6388516361532
1089694,21.57,0.694748630961628,26.1282736061775
1085452,-2.817,0.695292799440733,-1.53163402805384
1084034,-2.049,0.69409498796023,-5.47729917521111
1094114,1.467,0.693549751437005,-0.070673263180197
1092350,9.612,0.690706695665683,11.2875856378706
1087306,6.938,0.694312946636632,16.0996765626442
1085050,20.13,0.69518400458288,23.8470877356838
1089980,5.635,0.693440645875408,9.5823176367679
1086874,-2.783,0.672019729687743,-3.01562444718144
1084312,NA,NA,NA
1084254,2.634,0.584963453472114,20.4226280072453
1084008,4.471,0.608365688597173,13.5814197690051
1080438,1.697,0.692785604707162,4.38243447246288
1087092,8.416,0.693767904303247,13.7798141268692
1082206,NA,NA,NA
1080692,-10.59,0.67122921197763,-14.115981246202
1095506,14.51,0.631208550178655,20.527161487412
1089826,-5.11,0.69409498796023,-14.6667498427774
1090056,22.51,0.694421896846357,28.5004951783496
1092230,10.06,0.708100735979494,12.0468977498105
1080406,-2.76,0.692785604707162,-5.58768457118846
1083816,-5.693,0.673034711433898,-20.1245314277861
1084324,-2.32,0.693876951607892,-0.406020147736843
1086086,2.336,0.682543071306509,-2.33927731564844
1088840,-1.362,0.693985979493553,-6.5220470978352
1092424,-10.18,0.629051178732329,-26.4121130645193
294322,-3.059,0.694530827637098,-7.89767430294973
1080236,10.07,0.695292799440733,18.8239519875389
1087884,4.661,0.695401574879602,9.29089253887414
1080410,2.001,0.56218711162032,9.82268845901987
1089710,24.62,0.695619067500388,33.0658872647617
1086128,5.974,0.694530827637098,6.35911643574073
1085990,-1.822,0.701784954171198,-0.286763861845968
1091692,-0.3666,0.67326004932422,-0.242080296132006
1092828,-11.67,0.658681829656672,-29.4043064284023
1088436,-3.535,0.694312946636632,-11.2626806562621
1080144,-9.021,0.68453860494019,-15.1729611824978
1080456,6.608,0.719382320956968,13.9534280808972
1090320,-5.117,0.67314739008855,-11.268815587033
1084582,1.398,0.629890904147895,1.66695288876952
1091592,16.68,0.692129864455492,20.7947064373754
1086080,4.661,0.659257262700016,2.98715165937707
1091614,-10.72,0.684206452928383,-24.8416916925234
1086806,-5.535,0.457330899487339,-40.2333816799489
1087484,-3.339,0.606760758117135,-8.21468953882948
1084576,5.553,0.694857503495417,11.0707766481595
1081784,1.38,0.670890127388535,-4.74313838370647
1083274,-4.844,0.681987639816685,-8.79324170090021
1090530,4.121,0.67122921197763,1.14127221129828
1091036,NA,NA,NA
1083302,4.778,0.693440645875408,13.2011362455138
1080440,1.533,0.693549751437005,4.00304884470186
1080392,-6.882,0.694966356610222,-19.8194783076903
1084350,NA,NA,NA
1090046,15.06,0.646251203977008,9.88740881120131
1085104,12.96,0.694857503495417,7.57047677442955
1092838,-5.077,0.610459491999379,-14.8448834502751
1090058,16.87,0.694748630961628,15.5512265403197
1092810,-3.708,0.728699355289731,-6.4916641768569
1086242,NA,NA,NA
1090640,15.68,0.682654099347522,22.7462929684531
1093804,4.731,0.693331520894827,6.6266706143881
1086236,-8.5,0.461388224328103,47.3280131128633
1085018,NA,NA,NA
1093368,NA,NA,NA
1082100,6.006,0.694203977007923,6.64807331221035
1093912,10.76,0.713716599347522,19.1102050223661
1091222,10.49,0.695727784682305,12.3559990310083
1086058,NA,NA,NA
1088852,9.98,0.693876951607892,19.1852883556227
1084224,-3.037,0.693658837579618,-2.02052556092253
1094820,-4.342,0.578335210501786,-12.0877249709644
1086282,-18.05,0.67314739008855,-25.8379214051803
1091590,7.583,0.693985979493553,0.0165716996859059
1091634,7.62,0.69409498796023,17.9834810431536
1080940,-5.228,0.579102687587385,-6.43152222244177
1082450,10.31,0.693549751437005,12.3755251505231
1090248,14.15,0.682987066956657,34.5948280388862
1092048,5.133,0.674160624126146,12.0750060538245
1086730,9.284,0.656028584744446,13.6554966173622
1088814,5.884,0.658221133680286,11.0175911271473
1094046,11.14,0.693658837579618,21.7315558862705
1090232,-1.819,0.714875320413236,-2.83954212563126
1087560,-0.932,0.53356803441044,0.454505757666228
1084410,-2.468,0.59002637098027,-13.0038744560464
1084416,-4.605,0.682654099347522,-12.8365291039611
1086322,-9.256,0.673372689140904,-4.2072487702536
1089252,-7.302,0.693113212676713,-17.9734732733256
1085218,9.871,0.710862503883797,6.08703020564459
1087628,5.094,0.694748630961628,5.30549417226538
1090030,23.27,0.695292799440733,30.2035525688618
1092858,-1.44,0.693876951607892,-2.04870442442455
1086460,13.5,0.640011641680907,30.9167511260516
1088072,-7.982,0.693985979493553,-10.9273923005111
1090762,6.103,0.734010835793071,2.0509258208875
1087072,3.687,0.658105911138729,2.7294413486708
1088926,7.742,0.683319859794935,14.5879410126182
1092034,NA,NA,NA
1091064,3.231,0.694530827637098,-1.1428752549737
1083814,8.974,0.694639739008855,15.1515525125521
1092214,7.822,0.701677324452385,7.34205722899277
1092904,-0.4683,0.694639739008855,0.176696401779947
1095250,-2.653,0.703182373388224,-4.71810271956765
1093716,8.613,0.695510330899487,15.798574224416
1091584,10.22,0.693113212676713,5.99927807516498
1093702,3.138,0.694530827637098,3.3855624843817
1090312,-2.544,0.711815441976076,-4.39645455991117
1088450,0.7124,0.695401574879602,-1.50921465593908
1083824,3.847,0.694966356610222,3.51906062946912
1090216,-2.807,0.64343249961162,-6.24225938707298
1093456,-14.85,0.67280929586764,-24.8577749081772
1085238,6.262,0.672132583113252,-4.04508246877329
1080300,7.827,0.695075190306043,13.7236010489545
1091206,14.56,0.695075190306043,21.6635022502888
1086456,1.403,0.690925858319093,-0.0324063555154734
1088074,-7.054,0.682987066956657,-8.95820217420282
1085714,-1.222,0.693222376495262,-5.06486134584001
1084646,12.49,0.727877543886904,24.7535171042219
1087030,-0.2635,0.67280929586764,-7.03327482267579
1083934,6.544,0.694203977007923,9.64710639021682
1093416,-13.31,0.694966356610222,-19.9881000372458
1082216,-11.76,0.630250495184092,-28.915616129111
1086886,-4.589,0.692894826782663,-7.04579228685741
