RIL,420 SET,411 SET,Core-Pop165,Core-Pop18,FLOLD,FLOSD,DM10,DM3,NP10,NP3,AA10,AA3,HU10,HU3,NO10,PO3,CL10,CL3,PRL,LRN,LRD,LRL,SO10,SO3
001,X,X,,,36,62,9.0,3.4,6.52,2.78,221.8,84.2,90.4,84.2,1835.4,11.1,32.4,516.6,NA,NA,NA,NA,85.7,70.3
002,X,X,,,34,56.5,14.2,5.8,6.95,2.12,140.8,46.6,93.0,87.0,2369.7,18.2,34.5,451.3,NA,NA,NA,NA,213.5,124.0
003,X,X,X,,67,74,23.8,7.1,6.62,1.56,164.5,38.9,92.2,84.6,2108.8,14.6,40.9,340.7,NA,NA,NA,NA,137.8,92.2
004,X,X,,,44,62.5,14.9,5.4,7.16,1.94,147.3,41.6,92.7,86.6,2483.4,17.5,40.2,418.0,NA,NA,NA,NA,181.8,77.6
005,X,X,,,35,63,12.3,4.6,7.30,2.77,171.6,81.6,92.8,87.5,2263.7,21.0,40.8,474.0,NA,NA,NA,NA,114.4,47.4
006,X,X,,,64,82,17.7,8.0,6.96,2.10,147.9,44.2,92.8,87.6,2075.1,15.0,39.0,350.0,NA,NA,NA,NA,187.4,86.4
007,X,X,X,X,35,56,16.0,6.5,7.27,2.08,139.5,48.4,93.0,87.6,2197.1,18.0,36.7,444.1,NA,NA,NA,NA,196.2,138.7
008,X,X,,,33,61,14.2,5.0,7.01,2.00,152.9,46.9,92.4,87.0,2473.9,19.6,39.8,477.2,NA,NA,NA,NA,107.9,48.2
009,X,X,,,59,80,19.1,4.8,6.82,3.31,151.7,82.9,91.8,84.9,2140.8,25.6,46.4,450.2,NA,NA,NA,NA,140.1,168.6
010,X,X,,,34,59,19.3,6.2,7.28,3.08,160.2,66.6,92.8,87.8,2141.8,9.8,34.9,474.2,NA,NA,NA,NA,86.7,46.2
011,X,X,,,36,54.5,17.4,6.8,6.81,2.27,135.0,50.8,92.8,87.6,1883.5,14.2,35.4,416.6,NA,NA,NA,NA,189.2,167.6
012,X,X,,,43,57,19.0,6.6,6.78,2.02,146.4,41.4,92.0,85.4,1735.0,12.8,34.9,325.0,NA,NA,NA,NA,166.0,130.4
013,X,X,X,,37,59.5,13.6,6.8,7.19,2.33,138.5,52.8,93.0,87.5,2168.4,17.1,37.5,433.5,NA,NA,NA,NA,141.7,99.8
014,X,X,,,35,62.5,19.2,5.9,7.06,2.69,159.7,80.1,92.0,86.9,1838.8,10.6,35.3,397.0,NA,NA,NA,NA,156.4,148.8
015,X,X,X,,30,63.5,19.5,8.2,6.76,2.02,158.6,41.6,92.2,85.8,1877.6,13.9,37.2,383.0,NA,NA,NA,NA,185.2,57.2
016,X,X,,,32,60.5,17.3,5.7,6.43,2.05,145.7,40.5,92.2,86.2,1763.4,19.8,43.9,335.4,NA,NA,NA,NA,250.7,183.1
017,X,X,X,,55,72,18.8,7.0,6.90,2.09,168.9,43.6,92.2,86.2,2090.9,8.4,48.4,516.2,NA,NA,NA,NA,80.7,24.6
018,X,X,X,,42,68,20.8,7.1,6.49,2.23,171.8,59.4,91.8,87.4,1978.0,13.3,47.2,500.8,81.9,33.4,0.408,393.9,85.0,15.8
019,X,X,X,,40,65.5,15.4,6.6,6.85,2.34,156.8,47.8,92.3,86.8,2231.3,19.2,43.0,496.2,NA,NA,NA,NA,130.3,28.6
020,X,X,,,33,60.5,15.7,6.0,7.01,2.28,141.6,47.2,92.9,87.2,2129.4,21.3,40.0,395.8,NA,NA,NA,NA,147.2,108.8
021,X,X,,,50,64,22.2,8.0,6.89,1.96,171.2,41.8,92.3,86.0,2498.4,10.4,43.2,299.3,NA,NA,NA,NA,81.2,34.0
022,X,X,X,,33,56.5,16.8,4.8,6.95,1.90,147.1,38.2,93.1,87.4,2167.2,29.8,34.6,453.9,NA,NA,NA,NA,195.1,199.4
023,X,X,,,41,58.5,19.9,6.4,6.87,2.02,153.7,38.5,92.5,85.2,2218.9,19.1,40.5,328.0,NA,NA,NA,NA,139.7,89.6
024,X,X,X,,45,57.5,19.1,6.6,6.93,2.08,148.4,43.1,92.6,87.3,2124.5,16.2,42.5,384.6,NA,NA,NA,NA,94.4,58.8
025,X,X,,,35,72,12.4,5.4,7.11,2.12,150.5,42.5,92.8,86.5,2484.9,18.2,36.7,411.8,NA,NA,NA,NA,164.0,91.6
026,X,X,,,28,42.5,19.5,7.1,7.32,2.17,165.7,46.5,92.9,86.6,2383.5,15.8,36.6,420.9,NA,NA,NA,NA,86.7,46.3
027,X,X,,,31,58.5,19.4,8.2,6.99,1.96,151.3,40.1,92.8,86.6,2132.8,24.2,39.9,378.0,NA,NA,NA,NA,108.5,99.6
028,X,X,,,45,66,17.4,5.2,7.08,2.13,149.4,45.0,92.4,85.2,2218.1,12.0,33.7,434.4,NA,NA,NA,NA,156.1,113.3
029,X,X,,,69,80,19.2,6.7,6.88,2.17,163.1,60.2,92.2,86.4,2082.0,14.3,40.7,454.8,NA,NA,NA,NA,81.2,56.4
030,X,X,X,X,36,59,20.4,7.8,6.99,2.67,169.8,62.2,92.5,87.5,2095.6,13.8,36.0,517.4,NA,NA,NA,NA,120.0,66.1
031,X,X,,,57,86,21.2,8.1,6.56,2.08,161.1,42.9,92.0,85.8,1883.4,9.4,40.8,340.7,NA,NA,NA,NA,84.5,86.8
032,X,X,X,,33,62,18.8,8.1,6.73,2.16,148.0,48.2,92.4,86.0,1969.9,12.4,33.2,407.8,NA,NA,NA,NA,142.5,42.4
033,X,X,,,27,54.5,17.1,5.2,7.15,2.00,137.4,38.2,92.8,85.2,2094.5,16.4,36.6,356.8,NA,NA,NA,NA,153.0,111.4
034,X,X,X,,34,55.5,18.5,6.0,7.32,2.00,146.8,43.2,93.2,86.2,2333.9,27.6,32.8,349.0,NA,NA,NA,NA,161.4,140.2
035,X,X,X,,32,65,9.1,2.8,7.32,1.66,155.9,NA,92.9,85.6,2086.5,NA,34.5,NA,NA,NA,NA,NA,119.9,NA
036,X,X,,,29,59.5,16.6,8.0,6.75,2.33,152.8,49.5,92.2,86.6,1851.3,13.7,34.8,392.8,NA,NA,NA,NA,166.3,49.6
037,X,X,X,,33,58,16.8,5.4,6.77,2.66,144.9,64.2,92.7,87.6,1956.7,17.0,39.4,407.8,NA,NA,NA,NA,134.6,122.4
038,X,X,,,36,60.5,16.7,5.4,6.87,1.74,144.8,34.1,92.9,85.6,2087.7,18.8,41.5,365.8,NA,NA,NA,NA,145.9,117.2
039,X,X,,,33,62,17.8,6.6,6.86,2.09,145.6,42.2,92.6,85.8,1905.9,14.4,39.6,303.0,NA,NA,NA,NA,123.1,91.2
040,X,X,,,36,67,16.9,7.0,7.18,2.30,150.0,51.1,92.9,87.4,2320.3,23.4,38.0,395.0,72.6,18.2,0.25,220.2,158.0,100.2
041,X,X,,,26,53,16.0,5.9,6.88,2.30,131.4,45.9,93.0,87.2,1992.5,29.2,41.9,380.0,NA,NA,NA,NA,196.2,136.4
042,X,X,,,35,67,15.6,6.8,6.53,1.86,152.1,48.2,92.2,85.2,1902.0,25.1,36.5,335.2,NA,NA,NA,NA,133.7,74.1
043,X,X,,,34,56,17.5,4.8,7.30,2.51,161.0,53.8,92.8,88.2,2225.8,17.2,41.3,527.5,NA,NA,NA,NA,78.4,38.8
044,X,X,X,,26,52,18.1,5.6,6.83,2.42,131.5,41.2,92.7,87.2,1902.1,10.5,36.5,396.2,NA,NA,NA,NA,81.8,43.0
045,X,X,X,X,25,46,14.9,4.8,6.98,2.31,144.8,58.4,92.7,87.0,2093.7,21.6,36.4,366.4,NA,NA,NA,NA,146.1,61.4
046,X,X,,,27,53,17.8,5.5,6.87,2.70,142.6,63.2,92.3,87.5,1981.1,12.9,37.0,515.6,NA,NA,NA,NA,147.7,71.0
047,X,X,X,,37,58.5,21.8,6.5,6.93,2.18,155.8,40.0,92.3,86.6,1950.9,12.0,37.5,384.9,NA,NA,NA,NA,65.0,30.3
048,X,X,X,,29,55,16.7,4.7,6.92,1.82,158.1,39.0,92.4,85.4,1949.1,14.6,42.2,435.5,NA,NA,NA,NA,98.9,75.6
049,X,X,X,,27,53.5,18.4,7.4,6.67,2.30,140.4,43.0,91.9,85.4,1781.4,16.4,45.5,355.8,NA,NA,NA,NA,212.0,118.0
050,X,X,,,50,75.5,16.9,7.8,6.50,2.00,125.7,34.6,92.1,84.8,1659.7,21.0,37.8,295.2,78.2,22.8,0.291,217.8,175.7,104.9
051,X,X,,,40,75,14.6,6.8,7.03,2.18,134.4,44.4,92.5,87.6,2123.6,16.9,41.3,530.4,NA,NA,NA,NA,157.5,109.6
052,X,X,,,35,58.5,19.6,6.8,6.65,2.05,140.1,41.8,92.9,87.3,1960.1,21.2,40.7,447.0,NA,NA,NA,NA,81.5,24.4
053,X,X,X,,33,65.5,20.1,7.8,7.13,1.79,156.2,35.0,92.3,84.4,2143.1,23.4,39.3,392.4,NA,NA,NA,NA,87.5,37.2
054,X,X,,,28,58,17.7,5.2,7.20,2.16,138.3,36.2,92.7,87.8,2040.1,15.0,42.6,488.3,NA,NA,NA,NA,124.0,109.9
055,X,X,X,,30,71,19.0,10.2,6.70,2.29,129.1,43.7,92.2,86.6,1821.0,10.3,37.7,418.1,NA,NA,NA,NA,111.1,28.2
056,X,X,,,27,63.5,12.4,5.3,7.30,2.38,146.2,58.4,92.7,86.1,2270.6,22.7,37.0,405.4,NA,NA,NA,NA,125.1,62.2
057,X,X,,,31,65,20.4,5.2,7.15,2.32,155.4,42.1,92.6,86.8,2027.6,19.6,37.1,388.2,NA,NA,NA,NA,85.4,32.0
058,X,X,X,,35,65.5,21.2,8.0,7.02,1.93,143.7,52.6,92.9,86.1,2079.4,21.4,37.7,350.0,NA,NA,NA,NA,115.5,78.8
059,X,X,X,,34,62,18.8,7.4,7.23,1.90,133.8,37.4,92.9,86.0,2232.6,21.3,37.3,387.5,NA,NA,NA,NA,141.3,77.3
060,X,X,,,30,46,19.1,7.8,6.75,2.08,149.1,47.0,92.3,85.6,1784.1,17.5,35.9,327.1,NA,NA,NA,NA,186.5,112.4
061,X,X,X,,36,57.5,17.2,8.6,6.86,2.42,156.9,51.7,92.0,87.5,1773.3,19.0,36.8,356.6,NA,NA,NA,NA,95.5,34.6
062,X,X,X,,28,58.5,17.6,6.2,7.05,2.70,167.0,59.8,91.8,84.9,1879.3,21.2,38.0,436.8,NA,NA,NA,NA,59.6,36.8
063,X,X,,,30,62,15.4,3.7,7.13,2.20,140.7,41.4,93.0,87.6,2178.7,18.6,38.5,542.4,NA,NA,NA,NA,203.5,145.0
064,X,X,,,32,63.5,17.6,7.2,7.27,2.23,150.8,40.4,93.0,87.2,2256.1,16.3,43.4,463.2,NA,NA,NA,NA,105.7,67.8
065,X,X,X,,30,59,15.0,5.2,7.02,2.33,162.3,51.7,91.8,86.6,1808.6,26.6,43.0,501.2,NA,NA,NA,NA,138.4,76.0
066,X,X,,,62,78,20.4,7.1,6.32,1.95,134.7,39.0,91.8,85.6,1702.4,14.8,39.8,355.3,NA,NA,NA,NA,177.0,141.6
067,X,X,X,,31,58.5,17.8,8.0,6.98,2.14,134.8,49.2,92.6,86.8,1968.9,8.0,32.9,333.0,NA,NA,NA,NA,98.8,80.6
068,X,X,,,35,58.5,19.8,5.8,6.79,1.98,140.7,40.3,92.8,85.1,1904.2,7.4,34.0,362.0,NA,NA,NA,NA,74.7,48.0
069,X,X,X,,30,59.5,19.3,7.8,6.53,2.06,142.8,43.0,92.3,86.4,1781.1,15.6,39.6,367.8,NA,NA,NA,NA,93.2,34.4
070,X,X,X,,31,63,16.8,7.4,6.79,1.94,187.5,40.2,91.9,83.6,1959.7,16.7,42.8,294.0,NA,NA,NA,NA,132.8,42.6
071,X,X,X,,63,86,22.2,5.0,6.94,2.01,145.3,47.3,92.3,84.7,2189.4,12.4,38.4,451.7,NA,NA,NA,NA,109.0,107.2
072,X,X,,,35,58.5,18.1,5.5,6.83,1.98,152.9,41.6,92.8,86.6,2061.1,15.7,35.0,371.6,NA,NA,NA,NA,197.9,141.0
073,X,X,X,,32,62.5,18.3,6.8,6.68,2.16,150.9,42.2,92.3,86.4,1844.8,12.5,34.9,401.1,NA,NA,NA,NA,98.8,51.6
074,X,X,,,27,52.5,17.7,7.0,6.83,1.99,134.1,41.3,92.5,85.6,1872.2,23.4,30.1,298.2,NA,NA,NA,NA,194.1,156.1
075,X,X,,,32,61,22.6,9.2,7.31,2.20,170.6,44.6,92.6,86.1,2075.8,11.8,35.4,446.5,NA,NA,NA,NA,105.9,56.2
076,X,X,,,29,65,22.9,7.8,6.76,2.14,150.0,42.8,92.1,85.1,1816.9,14.6,35.9,379.4,NA,NA,NA,NA,115.1,43.6
077,X,X,X,,36,63,18.6,7.5,7.08,2.00,163.9,44.2,92.2,85.4,2179.7,13.7,32.2,335.4,NA,NA,NA,NA,81.7,26.6
078,X,X,X,,31,61,18.4,5.4,7.31,2.04,157.4,38.8,92.7,86.4,2259.4,12.0,33.3,455.1,NA,NA,NA,NA,139.4,110.5
080,X,X,,,31,58.5,17.1,6.1,6.85,1.79,132.6,36.9,92.5,83.9,1997.3,17.7,34.7,352.2,NA,NA,NA,NA,182.1,102.4
081,X,X,X,,37,62,21.1,6.3,7.05,1.94,135.6,37.8,93.0,86.0,2314.1,13.8,37.1,371.0,NA,NA,NA,NA,136.8,84.2
082,X,X,,,30,59.5,17.6,5.6,7.19,2.05,156.1,40.0,92.2,84.3,1914.5,20.1,38.4,360.8,NA,NA,NA,NA,117.8,88.4
083,X,X,X,,31,61,20.9,6.1,6.53,2.72,145.7,62.2,91.5,85.9,1646.6,19.0,37.0,349.9,NA,NA,NA,NA,146.3,117.6
084,X,X,X,,36,58.5,17.1,6.1,6.87,2.05,138.0,40.4,92.6,85.8,1987.5,11.4,35.4,334.3,NA,NA,NA,NA,166.6,108.4
085,X,X,,,29,55.5,19.4,7.0,6.61,1.88,138.3,34.8,92.8,86.1,1813.0,26.2,36.9,368.2,NA,NA,NA,NA,184.8,110.9
086,X,X,,,58,82.5,16.3,6.6,7.10,2.15,151.5,44.8,92.5,86.6,2191.2,6.4,44.0,541.8,NA,NA,NA,NA,99.1,77.0
087,X,X,,,32,62,20.8,5.7,6.40,1.76,152.8,42.3,92.0,84.8,1816.4,10.0,39.6,392.4,NA,NA,NA,NA,131.6,45.2
088,X,X,,,28,46.5,16.6,4.8,7.23,2.61,140.8,56.0,93.0,88.1,2106.5,28.8,45.6,521.8,NA,NA,NA,NA,123.4,51.6
089,X,X,,,29,54,17.1,4.4,7.29,2.03,136.9,36.1,93.1,86.4,2120.7,26.6,41.3,422.6,NA,NA,NA,NA,116.7,105.2
090,X,X,X,,29,49,17.4,5.7,6.35,1.84,129.4,36.4,92.8,86.6,1697.8,13.3,35.6,296.4,NA,NA,NA,NA,192.1,120.7
091,X,X,,,50,59,18.5,6.0,6.71,1.84,145.0,37.6,92.3,86.4,1820.8,9.4,38.2,421.7,NA,NA,NA,NA,155.2,128.0
092,X,X,X,X,28,61,16.3,5.4,7.27,2.69,145.0,67.4,93.0,88.0,2212.7,20.6,37.9,525.6,NA,NA,NA,NA,94.0,57.8
093,X,X,,,30,51.5,15.8,4.7,7.35,2.20,143.7,44.3,93.4,87.0,2356.4,19.6,34.0,408.8,NA,NA,NA,NA,125.0,86.9
094,X,X,X,X,42,60.5,16.8,7.8,7.09,2.04,144.6,40.2,92.4,86.2,2171.4,10.6,32.1,414.2,82.5,23.8,0.289,319.4,101.8,56.4
095,X,X,,,28,62,17.8,5.4,7.08,1.91,149.5,36.7,92.4,85.4,2068.6,22.0,43.4,455.1,NA,NA,NA,NA,106.7,52.5
096,X,X,,,62,83.5,22.1,7.2,6.69,1.99,159.6,42.2,91.7,85.0,1795.5,3.1,38.2,341.4,NA,NA,NA,NA,88.6,34.1
097,X,X,X,,32,56.5,16.5,5.6,6.78,1.68,140.6,35.4,92.6,85.2,1985.0,15.1,32.5,353.6,NA,NA,NA,NA,156.9,112.2
098,X,X,X,X,31,60,23.9,8.8,6.56,1.99,155.9,40.2,92.5,85.7,1620.3,9.4,37.7,299.7,NA,NA,NA,NA,170.1,119.6
099,X,X,X,,32,54,17.1,8.0,6.59,1.82,131.4,38.8,92.0,85.1,1712.1,13.9,33.3,337.6,NA,NA,NA,NA,194.0,111.1
100,X,X,X,,35,60,19.2,5.1,7.21,2.18,143.7,53.1,92.9,85.9,2015.3,7.0,39.5,429.8,NA,NA,NA,NA,77.4,30.7
101,X,X,X,,59,83.5,21.9,8.6,7.11,2.09,163.0,52.6,91.9,86.0,2187.8,3.8,37.1,467.8,NA,NA,NA,NA,85.5,46.2
102,X,X,X,,29,55.5,16.9,8.0,6.81,2.06,149.3,47.7,92.3,86.1,1917.0,12.8,38.8,340.2,NA,NA,NA,NA,170.4,136.6
103,X,X,,,33,62.5,17.8,7.0,7.13,2.08,151.2,46.2,92.5,85.8,2083.4,19.8,39.7,329.6,83.8,22.7,0.27,313.8,146.7,85.5
104,X,X,X,,29,57.5,16.5,5.2,7.15,2.00,152.1,43.7,93.0,87.8,2134.7,17.1,32.9,413.6,NA,NA,NA,NA,150.3,104.4
105,X,X,,,35,64,15.2,5.8,6.91,1.98,157.6,41.6,92.4,86.2,1976.2,16.0,37.3,467.9,NA,NA,NA,NA,104.1,32.4
106,X,X,X,,34,68.5,18.0,8.4,6.82,2.14,130.6,44.8,92.9,87.0,1889.8,12.6,35.4,371.0,NA,NA,NA,NA,169.7,97.4
107,X,X,,,29,61,15.7,6.2,7.28,2.10,169.3,48.2,91.8,84.1,1849.0,21.8,33.5,391.6,NA,NA,NA,NA,90.9,55.6
108,X,,,,29,NA,NA,NA,NA,NA,NA,NA,NA,NA,NA,NA,NA,NA,NA,NA,NA,NA,NA,NA
109,X,X,,,38,65,20.7,8.4,7.18,1.98,152.2,42.8,92.6,86.3,2107.8,12.4,40.5,513.5,NA,NA,NA,NA,80.7,20.8
110,X,X,X,,26,63,17.6,5.7,6.89,2.11,140.3,39.8,92.7,87.4,1748.1,11.0,41.5,517.0,NA,NA,NA,NA,124.2,47.2
111,X,X,X,,33,67,20.4,7.1,7.03,1.80,143.9,39.5,91.8,85.1,2064.1,8.9,30.9,374.0,NA,NA,NA,NA,93.3,22.4
112,X,X,X,,37,61.5,18.1,7.8,7.06,2.30,136.1,47.7,92.8,87.3,2040.2,13.2,37.8,498.0,NA,NA,NA,NA,96.6,42.1
113,X,X,,,30,64,13.5,6.4,7.45,2.55,152.3,54.3,93.2,87.6,2413.1,8.6,34.8,529.8,NA,NA,NA,NA,128.0,98.0
114,X,X,X,,27,47,19.0,6.6,7.16,2.16,145.4,42.6,93.1,87.4,2007.1,14.1,30.0,343.1,NA,NA,NA,NA,132.1,90.8
115,X,X,,,33,71.5,18.2,6.5,7.21,2.27,166.4,43.8,91.5,87.8,2038.3,10.9,39.3,535.3,NA,NA,NA,NA,71.3,25.8
116,X,X,X,,28,55.5,18.2,7.0,6.87,2.27,145.2,46.0,92.5,86.6,1861.5,13.6,34.2,374.2,NA,NA,NA,NA,100.8,25.2
117,X,X,,,29,60.5,20.1,6.5,6.78,1.96,154.3,32.0,92.3,85.4,1809.2,27.0,39.6,438.5,NA,NA,NA,NA,123.6,60.0
118,X,X,X,,48,63.5,23.9,6.2,6.72,1.74,174.5,42.2,91.7,84.1,1752.0,9.4,29.9,310.5,NA,NA,NA,NA,104.1,84.1
119,X,X,,,27,48,17.2,6.2,7.37,2.47,144.8,55.8,93.2,87.4,2077.2,19.0,30.1,398.6,NA,NA,NA,NA,87.4,47.4
120,X,X,X,,49,72,19.3,7.1,6.88,2.16,148.1,38.8,92.2,85.8,1901.7,9.2,32.0,320.3,NA,NA,NA,NA,141.0,73.0
121,X,X,X,,27,64,20.8,6.9,7.26,2.07,186.7,41.7,91.9,85.6,1993.1,14.6,38.1,439.0,NA,NA,NA,NA,96.7,53.4
122,X,X,,,29,54.5,14.5,6.2,7.18,1.98,160.9,38.6,92.8,86.4,2056.6,20.5,41.1,368.2,NA,NA,NA,NA,162.1,81.6
123,X,X,X,,30,64,16.9,7.5,6.72,1.90,137.4,36.2,92.5,85.4,1723.1,14.2,33.7,301.0,NA,NA,NA,NA,189.4,100.4
124,X,X,,,30,62,18.7,7.8,6.86,2.05,147.5,40.0,92.5,86.0,1968.5,10.4,38.7,428.4,NA,NA,NA,NA,137.4,41.7
125,X,X,,,33,60,14.7,7.1,7.13,2.76,134.9,60.5,93.2,86.2,2090.1,16.1,30.8,386.2,NA,NA,NA,NA,152.7,95.6
126,X,X,X,,37,64.5,19.5,7.1,7.16,2.18,156.7,42.4,92.6,87.2,2139.0,11.8,37.8,476.3,NA,NA,NA,NA,95.9,34.5
127,X,X,X,,32,59.5,17.2,6.4,7.52,2.29,145.1,45.0,93.2,87.8,2254.6,20.4,32.3,437.4,NA,NA,NA,NA,102.4,67.0
128,X,X,,,37,65,18.7,6.0,6.71,1.98,148.6,40.7,91.8,84.4,1744.3,16.1,29.3,285.9,NA,NA,NA,NA,175.9,117.4
129,X,X,X,,27,44,17.3,5.4,6.83,1.93,128.4,40.3,92.8,86.3,1975.8,23.7,39.0,340.5,NA,NA,NA,NA,185.2,145.2
130,X,X,,,27,62,15.7,7.0,7.28,2.08,145.6,44.0,92.7,86.4,2006.7,26.4,50.4,396.4,NA,NA,NA,NA,162.6,134.0
131,X,X,X,,31,56,15.5,7.4,7.19,2.14,134.5,44.8,93.1,86.2,2246.8,20.9,36.0,435.3,70.5,13.3,0.188,140.3,163.2,55.0
132,X,X,,,28,55,15.8,6.7,7.21,2.17,131.0,47.4,93.0,86.4,2232.0,20.7,35.6,322.8,NA,NA,NA,NA,151.7,86.6
133,X,X,X,,36,64,17.6,6.8,7.03,2.30,158.5,48.1,92.3,85.8,1960.1,12.2,29.3,312.4,NA,NA,NA,NA,225.6,164.8
134,X,X,X,,37,71,19.9,6.1,6.67,1.88,161.7,41.4,92.0,84.9,1875.5,12.8,37.7,274.2,NA,NA,NA,NA,89.7,47.4
135,X,X,X,,32,63,20.8,6.7,7.00,2.13,170.6,44.2,92.3,85.9,2021.6,9.6,42.3,475.2,NA,NA,NA,NA,138.2,48.2
136,X,X,X,X,24,49,13.8,6.0,7.10,2.05,152.1,40.8,92.8,86.9,2057.9,13.0,40.5,474.9,NA,NA,NA,NA,139.2,37.4
137,X,X,X,X,49,81,16.2,5.8,6.98,2.09,142.8,45.8,92.7,86.6,2009.1,17.3,34.7,397.8,NA,NA,NA,NA,149.5,103.8
138,X,X,,,34,61.5,20.3,8.2,6.84,1.82,162.4,37.5,92.0,84.6,1862.5,9.4,38.8,305.8,NA,NA,NA,NA,217.1,144.2
139,X,X,,,32,63,19.6,4.1,6.47,2.72,158.2,93.3,92.0,85.2,1735.4,10.6,41.8,525.0,NA,NA,NA,NA,145.7,120.2
140,X,X,X,,26,54,14.4,6.2,7.31,2.26,153.0,42.2,93.0,87.5,2152.6,16.8,33.1,427.2,NA,NA,NA,NA,158.8,43.2
142,X,X,,,32,61.5,15.2,5.0,6.92,2.04,149.1,41.0,92.7,86.2,1980.6,21.0,37.7,389.0,NA,NA,NA,NA,233.1,140.9
143,X,X,X,,33,62.5,16.6,6.8,7.15,2.12,141.4,45.1,92.7,86.8,2088.9,16.9,30.0,391.7,NA,NA,NA,NA,118.7,51.6
144,X,X,,,29,63.5,20.8,6.6,6.98,2.50,158.9,51.8,92.3,87.6,1927.0,11.8,40.1,497.6,NA,NA,NA,NA,146.8,68.5
145,X,X,,,29,60,14.4,4.3,7.17,2.55,152.9,63.1,92.4,85.5,1945.0,12.2,39.6,374.8,71.3,15.0,0.208,172.5,174.3,189.1
146,X,X,X,,27,50,18.6,3.4,7.35,2.24,165.2,44.0,92.6,86.4,2089.1,21.0,40.6,448.8,76.3,12.0,0.157,138.0,89.4,81.9
147,X,X,X,,29,60,18.9,8.1,7.66,2.33,166.2,47.6,93.0,87.5,2230.1,15.0,40.6,550.3,71.2,27.3,0.383,283.7,91.2,42.0
148,X,X,,,30,55.5,16.3,7.8,7.12,1.90,143.6,41.4,92.9,86.2,1994.3,14.2,33.9,348.2,88.7,19.6,0.22,265.6,99.4,61.2
149,X,X,X,,39,65.5,19.6,6.1,7.38,2.00,148.8,40.2,92.7,86.1,2331.8,7.3,36.0,441.4,85.9,21.3,0.248,277.2,106.9,89.6
150,X,X,X,,29,52,13.6,4.8,7.19,2.41,142.4,56.0,93.0,88.0,2117.2,14.4,34.7,546.0,69.4,18.0,0.259,178.9,66.1,40.7
151,X,X,,,28,63,18.3,5.1,7.10,2.00,135.0,41.7,92.9,86.4,2050.9,22.0,42.3,374.5,71.6,20.6,0.287,255.9,157.5,122.8
152,X,X,,,26,52,16.5,5.4,7.09,2.29,140.8,43.0,92.9,87.6,1982.5,26.2,36.3,432.2,87.7,19.6,0.224,251.8,117.0,92.8
153,X,X,,,27,59.5,12.8,6.1,7.37,1.97,153.2,40.6,92.5,84.9,2106.1,19.9,36.9,424.0,78.8,28.1,0.357,344.6,82.0,24.1
154,X,X,,,41,71,20.8,6.4,7.13,1.90,157.5,40.0,92.0,84.4,1911.5,10.2,36.1,377.5,NA,NA,NA,NA,68.5,26.8
155,X,X,X,,29,61.5,18.8,6.6,7.35,2.15,162.3,42.8,92.9,87.4,2170.7,10.0,33.9,402.1,87.3,30.5,0.351,335.6,126.4,30.3
156,X,X,,,44,79,6.1,3.1,7.07,3.32,180.5,99.6,91.9,84.7,1658.5,14.9,30.3,462.8,75.4,20.2,0.268,200.2,136.4,160.4
157,X,X,X,,45,68.5,20.0,7.2,7.07,2.12,154.8,38.8,92.3,85.8,2106.7,13.0,44.1,362.4,79.2,22.8,0.285,304.9,124.2,115.4
158,X,X,,,28,59,13.6,6.6,7.53,2.60,160.2,61.0,92.9,87.8,2522.8,12.7,43.7,568.4,70.1,22.7,0.324,229.7,117.8,54.8
159,X,X,,,31,63,16.4,5.6,6.90,2.37,148.0,49.3,92.4,87.3,2115.4,13.6,41.7,392.2,76.5,13.8,0.178,141.8,220.2,197.0
160,X,X,,,27,57.5,12.5,6.4,7.14,2.34,146.1,45.4,92.8,87.6,2140.7,16.2,35.4,430.4,81.2,21.7,0.266,167.8,160.8,33.5
161,X,X,,,30,58,18.3,4.5,7.23,3.18,148.3,92.2,92.8,87.6,2015.3,28.2,37.6,425.1,60.2,13.8,0.229,129.8,147.2,189.5
162,X,X,X,X,25,47.5,18.9,7.0,6.57,2.36,128.2,48.4,93.2,87.8,1965.9,13.8,35.6,410.2,88.4,23.1,0.262,162.0,137.4,34.0
163,X,X,,,39,52,18.8,7.0,6.86,1.82,147.7,39.3,92.8,86.0,2189.5,13.0,33.2,333.2,90.7,24.6,0.27,242.0,149.2,84.0
164,X,X,,,28,49.5,14.7,4.8,7.12,1.86,133.8,39.3,93.0,86.8,2170.7,26.1,38.9,408.5,86.4,19.5,0.227,253.0,180.4,145.0
165,X,X,X,,41,54.5,19.1,7.0,6.94,1.90,153.8,38.8,92.1,85.6,2049.8,16.2,44.4,391.9,89.9,23.4,0.261,290.9,106.2,32.4
166,X,X,,,28,52,16.3,6.1,6.88,2.07,142.3,45.0,92.6,86.7,1887.0,18.9,37.5,338.0,82.6,17.6,0.211,151.5,160.0,49.6
167,X,X,,,53,71.5,14.3,5.6,7.36,2.07,155.2,44.4,92.9,85.8,2308.2,20.0,32.8,357.1,89.9,25.2,0.28,265.2,150.5,98.1
168,X,X,,,38,55,15.9,6.6,7.24,1.93,150.6,41.6,93.4,86.2,2315.9,19.2,36.2,324.6,93.1,24.7,0.265,275.6,109.2,69.7
169,X,X,,,28,63,9.3,6.2,6.83,2.36,189.8,50.5,91.3,85.5,1693.1,22.8,32.4,352.3,84.8,25.8,0.304,221.9,103.8,32.2
170,X,X,X,,32,52,20.2,7.6,7.47,2.26,155.4,50.0,92.8,86.9,2087.6,21.4,36.0,351.6,80.0,17.8,0.224,295.3,81.7,43.9
171,X,X,,,64,74,17.6,8.2,7.01,1.81,155.5,41.0,92.1,85.0,2207.4,19.5,34.2,305.2,94.8,25.7,0.271,283.7,160.8,80.8
172,X,X,,,28,46,14.1,5.2,7.71,2.37,144.4,47.6,93.5,89.0,2620.8,15.0,37.3,517.2,84.4,17.3,0.202,170.1,118.0,91.1
173,X,X,X,X,30,55,21.1,8.8,6.65,1.82,124.3,33.5,92.6,83.9,1927.3,14.0,39.2,250.8,82.6,25.5,0.308,226.1,142.3,22.8
174,X,X,,,35,67.5,19.5,6.2,7.04,2.15,166.8,41.8,92.4,86.0,2079.3,18.0,39.8,471.7,73.3,23.9,0.324,204.4,125.8,44.0
175,X,X,X,X,32,63.5,15.3,6.2,7.57,2.05,170.3,51.9,92.4,85.6,2361.8,15.4,33.6,386.6,73.6,18.6,0.251,142.1,75.5,23.9
176,X,X,X,,26,47.5,16.1,4.4,7.22,2.39,138.6,53.9,92.7,88.5,1992.6,11.6,35.9,421.0,61.6,13.6,0.221,72.5,143.9,60.9
177,X,X,,,26,55.5,17.2,5.8,7.03,2.33,138.7,43.2,92.9,86.6,2043.9,17.6,46.5,387.7,83.7,26.8,0.32,313.2,165.3,137.1
178,X,X,,,31,52,16.6,6.4,7.14,2.12,143.5,39.0,92.6,87.0,2144.2,13.0,29.7,319.8,87.4,21.2,0.239,219.7,130.1,77.3
179,X,X,X,,28,47.5,17.5,6.8,6.87,2.12,115.1,41.4,93.2,86.9,2063.2,16.0,34.3,329.9,82.7,19.6,0.236,188.2,149.5,58.2
180,X,X,X,,29,58.5,15.9,6.0,7.27,2.49,142.7,48.7,93.2,88.6,2403.3,21.2,53.8,478.8,84.9,28.4,0.335,323.4,139.4,98.9
181,X,X,,,43,51,17.1,4.6,6.88,2.43,134.0,68.0,92.0,87.6,2167.2,8.2,36.1,385.2,80.8,18.0,0.222,143.6,249.5,165.8
182,X,X,,,32,55,20.4,7.0,7.13,1.95,175.1,40.6,92.6,85.7,2156.5,16.2,39.2,338.8,82.1,26.0,0.316,300.1,103.4,52.8
183,X,X,X,,34,70,15.2,6.0,6.87,2.34,149.1,53.8,92.5,87.2,2319.4,17.1,40.8,440.3,70.9,20.2,0.285,221.5,223.7,116.6
184,X,X,,,28,49.5,18.5,6.4,7.16,2.32,148.9,50.3,92.3,86.8,2241.0,15.6,39.5,464.0,90.8,24.0,0.264,257.9,119.6,66.8
185,X,X,,,45,72,19.9,5.4,6.61,1.72,140.7,38.0,92.0,85.1,1978.8,15.2,44.5,458.8,75.8,21.8,0.287,271.7,79.1,27.7
186,X,X,X,,32,55,15.8,7.0,7.13,2.12,137.4,44.6,93.1,87.4,2185.9,15.6,42.2,509.9,91.9,24.2,0.264,263.9,102.4,29.4
187,X,X,X,,32,60,22.2,6.8,6.76,2.01,153.5,39.4,92.2,85.8,1743.6,17.8,37.8,329.4,80.0,21.2,0.265,233.0,129.0,100.0
188,X,X,,,26,52.5,16.7,4.2,7.31,2.14,143.4,40.4,93.1,87.4,2319.1,19.3,33.2,404.0,85.6,23.0,0.268,232.3,131.7,94.0
189,X,X,,,30,57.5,18.3,5.6,7.39,1.88,152.4,39.2,92.8,85.9,2482.3,22.0,39.7,433.6,78.4,19.0,0.24,157.4,105.9,45.4
190,X,X,X,,30,54,25.3,7.7,6.82,1.93,134.7,37.4,92.1,86.2,2162.1,13.0,47.6,398.2,92.2,29.0,0.314,314.4,139.7,49.4
191,X,X,X,,33,59.5,18.4,7.1,7.03,1.86,140.8,33.7,92.2,85.0,2205.1,14.8,34.9,257.8,86.8,27.0,0.311,305.1,106.7,67.0
192,X,X,,,32,57,15.7,4.5,6.95,1.96,120.5,41.0,92.5,86.2,1768.5,33.4,32.5,375.2,71.4,15.3,0.214,129.9,138.5,91.0
193,X,X,,,43,59,19.2,8.0,6.68,1.84,141.7,38.6,92.2,86.5,1958.0,11.6,35.4,374.5,76.0,15.9,0.207,139.0,124.1,63.0
194,X,X,X,X,31,55.5,18.7,5.2,7.14,2.06,155.1,41.3,92.6,86.8,2091.6,14.0,41.0,417.3,89.0,26.2,0.295,319.9,113.0,96.2
195,X,X,X,,30,56,23.7,7.1,6.33,1.66,166.8,36.1,91.8,83.5,1731.1,13.2,38.5,300.3,89.2,27.5,0.306,297.7,138.5,51.3
196,X,X,,,27,47.5,15.3,5.4,6.73,2.12,142.0,50.2,92.0,86.2,1712.8,11.5,39.8,308.2,72.8,15.5,0.213,148.3,236.3,174.1
197,X,X,X,,35,70,18.0,5.2,6.72,2.78,154.3,91.9,92.2,86.9,2147.8,26.0,45.5,533.0,66.8,14.0,0.213,131.2,160.5,102.3
198,X,X,X,,32,52.5,18.5,7.4,7.36,2.22,143.9,45.9,92.9,87.0,1972.2,22.2,35.0,338.7,94.2,22.6,0.24,264.4,144.3,77.1
199,X,X,X,,31,59.5,19.5,7.2,7.40,2.05,151.7,43.3,93.2,87.0,2428.5,25.4,38.2,377.8,87.2,29.8,0.341,347.8,97.5,30.6
200,X,X,X,,35,67,23.3,7.8,6.70,1.76,154.7,34.6,92.0,85.3,1960.5,14.6,40.0,413.6,86.2,23.0,0.266,306.7,74.0,25.6
201,X,X,,,42,79.5,21.8,6.1,6.82,2.33,185.0,67.8,91.6,86.3,1884.0,12.1,41.9,499.9,73.9,22.2,0.3,208.2,84.4,61.2
202,X,X,X,,26,60,18.1,6.6,6.96,2.10,138.5,42.6,92.8,85.9,2047.4,14.8,36.6,381.2,85.9,25.0,0.291,242.9,113.3,24.4
203,X,X,,,37,50,15.1,6.2,7.14,2.18,142.1,52.8,93.2,87.5,2423.4,16.6,33.4,424.2,84.6,23.8,0.282,238.5,195.6,119.3
204,X,X,X,,35,63,19.7,7.0,6.87,2.08,156.4,43.8,92.2,85.6,2091.4,17.0,37.0,368.8,82.2,24.8,0.301,308.4,71.8,19.2
205,X,X,,,34,61.5,16.8,5.1,7.13,2.40,142.9,45.4,92.6,88.0,2306.3,14.7,40.5,406.2,76.7,26.3,0.344,291.8,118.3,112.0
206,X,X,,,27,44,16.3,4.8,6.77,1.94,127.8,38.1,93.3,86.8,2111.2,15.8,34.4,264.5,74.6,13.9,0.18,86.0,205.6,80.1
207,X,X,,,26,58,18.5,6.2,7.18,1.98,138.4,43.5,92.7,85.4,2194.1,19.6,35.7,323.8,83.5,25.8,0.308,259.3,116.5,76.2
209,X,X,,,40,66,21.9,7.4,6.71,1.92,147.4,40.2,92.1,85.2,1917.1,11.0,40.3,412.6,88.4,26.6,0.299,249.7,128.4,59.2
210,X,X,X,,56,70,17.9,6.2,6.93,2.19,144.1,44.6,92.5,87.2,2123.5,10.6,42.8,467.4,84.0,23.0,0.268,248.0,152.2,91.3
211,X,X,X,,32,53.5,21.7,8.6,6.85,2.37,144.0,53.4,92.4,87.1,1957.4,22.6,36.9,410.8,83.0,28.3,0.342,287.4,97.5,47.8
212,X,X,,,39,65.5,19.6,6.2,7.08,1.86,153.8,42.3,92.6,85.4,2223.8,12.8,38.1,343.7,66.8,10.8,0.158,91.1,122.3,101.1
213,X,X,,,37,62.5,16.5,7.2,6.59,1.77,132.8,39.9,92.0,85.2,1919.4,10.4,39.7,335.6,83.2,25.7,0.308,212.8,115.3,23.0
214,X,X,X,,31,58.5,8.1,4.4,7.08,2.27,173.6,54.6,92.2,85.2,1851.5,20.9,25.2,355.0,72.5,19.0,0.264,136.5,158.1,89.2
215,X,X,,,42,61,16.0,5.2,7.58,2.06,155.2,41.4,92.6,87.3,2467.8,15.3,38.1,410.0,92.4,20.5,0.221,316.2,112.5,67.0
216,X,X,,,30,58.5,15.9,4.4,7.00,2.70,135.5,59.3,93.2,88.2,2048.3,18.7,33.8,428.0,65.5,12.1,0.186,82.8,221.7,180.9
218,X,X,,,28,61.5,8.1,3.4,7.60,1.74,163.1,42.0,92.9,84.7,2074.0,20.6,38.9,406.4,NA,NA,NA,NA,131.6,75.0
220,X,X,X,,32,59,17.2,6.7,7.33,2.19,137.0,49.7,93.1,87.0,2410.9,13.8,42.7,403.0,71.4,20.8,0.295,167.1,186.6,56.0
221,X,X,,,34,59.5,17.1,7.0,6.97,1.92,131.1,40.9,92.8,86.9,2047.1,18.8,39.7,414.8,NA,NA,NA,NA,189.9,92.0
222,X,X,,,29,60.5,11.9,6.4,7.25,2.06,148.7,42.2,92.9,87.2,2170.9,17.8,40.5,417.8,72.7,18.6,0.257,201.7,251.1,126.9
224,X,X,,,56,71,23.0,7.6,6.80,2.21,153.2,49.8,92.1,86.3,2011.8,7.1,37.0,393.8,88.0,24.6,0.279,190.6,109.1,45.1
225,X,X,,,40,67,17.5,6.6,7.35,1.68,138.3,39.0,92.8,85.2,2244.9,14.6,31.4,312.0,86.9,27.8,0.318,281.1,133.1,98.8
226,X,X,,,51,75.5,18.8,8.4,6.48,2.25,125.2,48.4,92.5,87.1,1842.2,10.0,41.0,361.0,80.8,19.8,0.245,180.9,164.9,101.8
227,X,X,,,28,55.5,15.4,4.7,6.99,3.23,135.0,62.1,93.2,89.6,1993.5,13.6,42.4,437.1,71.7,21.0,0.294,183.4,188.1,127.9
228,X,X,,,31,65.5,17.8,8.0,7.13,2.01,155.8,42.4,92.4,85.6,2053.4,18.8,35.6,337.5,79.6,19.3,0.242,245.8,143.6,78.8
229,X,X,,,39,68,14.1,5.8,6.86,1.61,126.9,34.4,92.8,84.6,2004.3,15.1,41.0,327.8,NA,NA,NA,NA,191.7,83.8
230,X,X,,,44,66.5,20.6,5.2,7.54,2.18,178.4,43.1,92.7,87.0,2476.7,7.2,36.1,415.8,91.8,25.0,0.272,323.2,68.6,23.4
231,X,X,,,33,51.5,14.4,5.5,6.92,2.46,130.0,46.6,92.9,87.8,2092.3,13.5,40.0,399.8,84.6,19.5,0.231,196.2,198.2,134.6
232,X,X,X,,31,58.5,14.0,4.4,7.36,2.46,176.4,67.3,92.0,84.9,1990.0,21.8,34.6,329.6,77.6,21.0,0.271,211.9,147.1,130.6
233,X,X,,,32,55.5,18.2,6.7,6.82,1.80,143.5,36.4,93.0,85.2,1863.1,18.0,30.4,276.2,78.9,17.8,0.224,172.1,208.6,105.6
234,X,X,X,,30,62.5,18.6,6.8,7.07,2.08,165.8,47.2,92.1,85.9,1934.3,16.5,31.8,350.0,82.2,21.7,0.263,180.6,128.2,55.0
235,X,X,,,29,60,16.9,6.2,6.76,1.95,147.2,39.0,92.3,85.4,1763.6,13.5,37.7,400.3,82.8,25.0,0.302,208.2,131.0,55.6
236,X,X,X,,28,63.5,17.4,7.5,6.54,1.90,140.6,37.6,91.9,85.4,1781.5,24.4,35.5,330.5,74.8,20.7,0.276,173.3,166.2,66.2
237,X,X,,,31,76.5,16.6,6.8,6.76,1.88,143.3,46.4,92.0,85.2,1785.3,14.4,38.5,425.4,69.0,19.7,0.286,144.8,120.3,46.8
238,X,,,,43,62,18.4,7.6,7.42,2.30,139.6,46.5,92.8,86.4,2324.2,12.2,36.3,406.2,80.5,19.8,0.245,233.1,124.1,74.1
239,X,X,,,31,63,18.1,6.0,7.38,2.07,151.7,41.1,92.7,86.4,2154.0,20.5,40.3,492.6,78.2,23.0,0.292,173.5,115.3,28.0
240,X,X,X,,31,50,16.6,6.8,7.42,2.08,147.0,38.4,92.9,86.6,2217.6,17.5,32.5,377.8,87.6,21.7,0.247,281.6,111.5,83.2
241,X,X,,,34,64.5,20.4,6.6,7.25,1.90,142.8,39.6,93.0,86.2,2204.0,22.8,40.3,414.4,89.7,23.8,0.265,317.2,109.1,80.8
242,X,X,,,35,54.5,20.7,6.6,6.77,2.17,145.8,40.8,92.1,86.2,1820.1,14.4,30.2,335.4,83.9,23.0,0.273,195.6,138.0,110.8
243,X,X,,,30,64,21.3,7.4,7.04,2.02,151.3,39.9,92.4,84.9,1891.5,12.6,36.1,332.8,80.6,22.7,0.281,196.0,103.2,31.3
244,X,X,,,37,60,20.3,7.0,6.69,2.69,161.0,50.8,91.8,86.4,1725.4,11.0,33.7,365.4,73.1,17.5,0.237,121.9,139.1,74.4
245,X,X,,,36,62,22.4,7.4,6.80,1.92,153.3,39.4,92.3,84.6,1807.0,10.2,38.2,299.8,80.0,28.2,0.354,296.9,121.4,43.7
246,X,X,,,32,58,20.7,7.4,7.29,2.16,146.9,46.0,92.6,86.8,2016.4,13.0,34.3,317.0,83.8,16.2,0.193,182.5,113.3,72.6
247,X,,,,72,NA,NA,NA,NA,NA,NA,NA,NA,NA,NA,NA,NA,NA,NA,NA,NA,NA,NA,NA
248,X,X,X,,36,60,19.7,8.1,7.09,2.03,166.3,38.7,92.0,85.6,1895.6,17.0,34.6,311.3,63.7,10.5,0.164,65.5,60.4,20.4
249,X,X,,,29,60,19.4,7.5,6.53,2.26,160.8,52.3,91.9,85.8,1719.7,10.2,34.6,333.6,NA,NA,NA,NA,111.3,84.4
250,X,X,,,45,74,15.6,6.8,7.11,1.78,150.6,48.0,92.4,85.9,2164.0,13.0,43.0,392.7,88.1,22.2,0.251,281.0,85.3,72.0
251,X,X,,,30,61,19.3,7.0,7.27,2.05,166.5,36.0,92.2,86.6,1891.7,9.2,31.0,369.1,76.0,17.9,0.232,155.8,81.5,43.4
252,X,X,X,,29,57.5,17.0,7.4,7.04,2.22,135.4,40.7,92.8,87.4,2090.0,13.6,37.3,376.7,79.4,23.3,0.294,198.5,129.7,34.2
253,X,X,,,26,52,18.3,7.6,7.21,2.16,135.2,30.8,93.1,88.2,1885.0,17.9,36.1,427.2,68.5,10.2,0.147,45.5,131.4,88.2
254,X,X,,,31,58.5,21.5,6.8,7.05,1.70,176.1,36.1,92.1,83.1,1861.7,12.3,34.2,287.3,85.1,22.2,0.26,193.4,70.2,28.1
255,X,X,,,30,55,17.2,6.8,7.18,1.97,162.4,39.7,92.3,85.0,1898.3,18.5,36.2,312.8,68.4,19.0,0.278,145.0,174.4,59.4
256,X,X,X,,28,51,9.3,4.8,7.26,2.17,172.1,42.2,92.4,87.2,1924.1,18.6,34.0,463.8,90.6,29.0,0.32,332.0,108.7,31.9
257,X,X,,,32,66.5,15.5,7.8,7.20,2.33,148.1,55.6,92.8,87.8,2272.3,11.4,34.8,530.0,64.1,19.8,0.31,211.4,200.3,132.1
258,X,X,,,37,70,14.6,6.1,7.43,1.94,131.8,40.0,92.9,86.7,2457.7,15.2,44.7,463.2,84.7,24.8,0.294,284.3,132.5,88.1
259,X,X,,,31,63,13.2,5.7,7.15,2.30,129.8,56.0,93.0,87.8,2114.4,13.8,39.4,480.0,75.8,18.9,0.248,149.0,158.0,53.0
260,X,X,,,42,65.5,18.5,7.8,7.13,2.22,149.4,45.8,92.1,86.2,1917.1,10.7,36.6,403.2,80.1,24.3,0.305,271.9,82.8,43.2
261,X,X,,,45,66.5,15.1,5.4,7.11,2.03,140.1,40.4,93.1,86.9,2419.5,13.6,36.1,436.2,80.0,24.0,0.299,291.1,135.0,93.3
262,X,X,X,,53,74.5,20.0,7.9,6.76,1.72,149.3,38.0,92.2,85.4,1945.0,9.2,31.2,325.5,74.4,13.3,0.178,101.0,124.3,75.2
263,X,X,,,30,69,15.1,4.6,7.23,2.06,133.4,46.4,92.8,83.8,1968.1,18.3,41.0,303.2,80.7,21.7,0.269,231.4,130.2,93.9
264,X,X,X,,31,65.5,19.8,6.6,6.69,2.15,155.9,48.5,92.1,86.6,1716.7,15.4,35.2,324.1,74.5,21.7,0.291,217.9,178.8,128.2
265,X,X,,,31,67,20.0,7.2,6.70,2.31,157.3,45.9,92.1,87.2,1652.4,10.8,47.0,458.0,83.6,33.8,0.406,360.7,136.9,52.0
266,X,X,,,29,46,14.3,2.6,7.00,2.87,142.0,NA,92.8,88.0,1710.6,NA,40.4,NA,83.1,17.7,0.211,185.2,125.7,NA
267,X,X,X,,30,67,13.7,5.8,7.43,2.01,183.0,40.4,92.2,85.6,2050.7,15.4,36.1,342.2,88.5,20.5,0.231,249.0,85.2,18.7
268,X,X,,,37,60.5,19.0,5.8,6.81,1.74,166.2,37.2,92.2,84.6,1940.5,15.0,33.8,367.7,82.0,23.6,0.288,235.9,63.4,32.1
269,X,X,,,27,54,17.4,7.8,7.05,2.08,138.1,38.8,92.9,87.2,1949.3,15.6,41.7,372.3,70.8,17.3,0.244,123.1,189.0,121.4
270,X,X,,,36,68,14.1,5.8,6.91,2.01,132.3,39.2,92.7,85.8,2069.7,13.0,34.7,373.6,75.4,16.5,0.218,177.0,147.8,97.4
271,X,X,X,,38,64.5,19.0,6.8,7.00,1.80,150.6,38.1,92.7,85.8,2019.7,15.3,44.3,379.0,75.3,19.3,0.256,197.7,200.0,113.5
272,X,X,,,27,61,19.2,7.9,6.50,2.23,154.7,42.2,92.1,86.4,1751.6,17.4,41.3,439.6,70.3,14.8,0.21,107.8,108.2,31.0
273,X,X,X,,33,71,18.2,6.6,7.16,1.90,160.4,35.9,92.7,86.8,2108.3,12.6,39.3,481.1,78.9,24.9,0.315,223.1,67.0,21.0
274,X,X,X,,31,58,18.4,7.6,6.45,2.70,181.1,67.6,91.7,87.2,1589.7,11.4,47.0,480.1,88.4,24.6,0.278,299.5,144.1,83.7
275,X,X,,,28,58.5,17.4,7.4,6.78,2.33,151.0,46.8,92.3,86.9,1755.9,13.6,32.9,388.0,85.2,28.0,0.329,270.2,141.4,33.4
276,X,X,,,49,82.5,12.1,4.1,7.05,1.94,172.3,40.2,92.1,85.0,2114.8,10.0,31.9,380.7,64.4,16.7,0.257,102.7,130.9,60.8
277,X,X,,,28,62,18.3,7.4,7.20,2.32,168.6,47.1,92.5,86.9,1921.8,14.2,44.7,357.0,78.1,20.6,0.261,183.2,119.9,32.2
278,X,X,,,32,59,12.6,4.6,6.92,2.28,158.2,54.0,92.5,85.3,1852.6,27.9,38.6,409.2,72.1,19.5,0.27,193.4,175.2,113.4
279,X,X,X,X,37,65,19.0,6.6,6.66,1.79,145.5,38.3,92.7,84.8,2007.7,16.4,40.4,367.4,75.2,19.2,0.256,200.8,214.2,112.4
280,X,X,,,25,53.5,17.7,6.8,7.03,2.17,156.2,41.6,92.8,87.3,2030.0,13.6,40.0,399.2,69.4,16.3,0.235,133.1,197.8,109.4
281,X,X,,,34,65.5,15.2,5.8,7.02,2.35,145.8,52.0,92.5,87.6,2069.0,9.1,40.2,555.8,78.6,21.8,0.277,279.4,88.9,38.8
282,X,X,,,33,66,20.8,7.0,6.22,1.78,155.9,40.4,91.6,84.4,1665.2,19.4,39.0,273.8,80.1,23.3,0.291,210.7,189.8,128.4
283,X,X,,,31,47.5,18.7,7.4,6.98,2.26,162.3,46.2,92.6,87.2,1777.5,14.0,34.2,363.0,83.4,18.0,0.215,149.6,136.7,82.5
284,X,X,,,48,73.5,23.0,5.4,6.63,2.00,133.9,37.8,91.9,86.2,1739.1,13.0,38.5,407.0,60.7,9.8,0.16,50.0,82.9,46.4
285,X,X,,,29,59.5,21.0,8.5,7.05,2.38,149.1,48.2,92.6,87.4,1969.0,15.4,34.0,445.2,73.3,23.6,0.321,216.8,124.0,29.2
286,X,X,X,,29,61.5,20.9,7.6,6.91,1.78,149.0,43.4,92.1,83.4,1817.6,13.4,34.6,269.4,77.7,18.3,0.236,189.0,114.1,77.8
288,X,X,,,29,52,14.9,5.2,7.04,2.12,137.8,40.7,93.3,88.2,2118.0,17.5,34.2,455.0,84.2,16.2,0.194,148.3,172.5,121.6
289,X,X,X,,27,53,14.4,6.4,6.94,2.16,155.9,43.2,92.5,86.2,1861.2,16.2,32.0,393.2,73.3,18.8,0.252,161.6,230.6,148.4
290,X,X,,,33,60,18.1,7.5,7.42,2.13,158.0,43.2,92.9,86.7,2155.1,16.5,37.2,372.9,61.2,14.5,0.237,95.0,146.9,67.2
291,X,X,,,34,71.5,17.6,6.4,6.47,1.93,149.8,40.4,90.4,84.2,1701.6,10.0,36.5,371.0,71.0,17.0,0.239,154.4,71.6,26.8
292,X,X,,,29,63.5,15.2,6.2,6.88,2.18,143.4,45.0,92.6,87.1,2128.4,12.6,44.7,448.0,70.2,21.2,0.302,255.3,198.8,102.5
293,X,X,,,30,62,16.2,7.4,6.91,2.18,144.9,47.4,92.4,86.6,1939.1,8.6,36.6,425.6,92.8,24.0,0.259,237.2,135.6,32.4
294,X,X,,,32,64.5,15.0,5.1,6.81,2.11,135.3,38.1,92.6,86.5,2047.4,8.5,40.3,374.8,85.2,18.4,0.216,230.4,155.5,109.6
296,X,X,,,51,76.5,16.6,5.8,6.92,2.07,143.9,40.8,92.1,86.6,1907.3,9.8,37.5,429.9,91.0,23.0,0.253,230.1,125.5,54.8
297,X,X,,,48,63,14.2,5.5,6.97,2.34,154.2,44.4,92.4,87.0,2059.1,14.2,38.4,436.0,83.1,17.7,0.209,184.4,148.7,123.3
298,X,X,X,X,30,63.5,15.3,5.4,6.86,2.30,159.7,50.6,92.5,86.6,1989.5,17.6,38.9,395.5,84.9,19.2,0.224,169.3,121.9,30.3
299,X,X,,,44,64.5,18.1,7.8,6.51,1.82,156.9,42.3,91.3,85.2,1648.6,11.8,34.4,340.6,79.0,21.2,0.267,202.2,99.3,25.6
300,X,X,X,,27,60,15.6,4.4,7.40,2.19,159.5,44.2,93.2,86.9,2180.1,11.6,38.4,411.3,82.1,19.4,0.235,214.5,85.3,38.4
301,X,X,,,27,64,16.2,6.6,7.37,2.24,162.2,46.2,92.3,86.8,2181.0,14.9,40.9,471.8,NA,NA,NA,NA,74.5,33.8
302,X,X,X,,27,57.5,16.8,7.0,6.75,2.01,134.0,39.3,92.5,85.9,1825.5,13.9,32.2,320.9,NA,NA,NA,NA,220.2,126.0
303,X,X,,,34,63.5,21.1,6.1,6.26,1.84,145.8,36.9,91.5,85.8,1539.8,12.8,44.5,392.4,NA,NA,NA,NA,104.7,49.8
304,X,X,,,27,61.5,21.8,5.8,6.85,2.58,168.0,75.3,91.8,85.8,1792.0,12.2,40.4,431.6,NA,NA,NA,NA,114.9,77.4
305,X,X,X,,26,62,19.1,8.4,6.84,2.05,151.4,40.8,92.6,85.8,1883.6,12.0,43.0,436.6,NA,NA,NA,NA,126.4,40.8
306,X,X,X,,27,60,15.8,5.7,6.83,1.97,141.4,39.2,92.4,86.6,1812.9,14.1,30.0,404.2,NA,NA,NA,NA,234.7,128.0
307,X,X,,,39,74.5,19.2,9.2,6.25,2.02,140.0,38.8,92.0,87.1,1644.6,15.4,41.1,498.5,NA,NA,NA,NA,135.2,55.5
308,X,X,X,,58,79.5,18.0,7.1,6.34,2.08,151.2,46.5,91.6,85.7,1527.8,17.2,32.4,405.0,NA,NA,NA,NA,107.4,75.1
309,X,X,X,,27,48.5,14.7,4.4,6.74,2.44,148.9,57.4,92.7,87.3,1813.7,17.4,34.3,369.4,NA,NA,NA,NA,174.3,152.5
310,X,X,,,74,86,23.3,5.4,5.93,2.52,182.7,71.9,90.6,83.6,1326.3,11.7,38.5,467.8,NA,NA,NA,NA,128.7,99.8
311,X,X,,,27,55,13.1,5.2,6.66,2.84,144.7,73.9,92.3,85.7,1652.5,28.8,36.3,421.8,NA,NA,NA,NA,196.3,174.2
312,X,X,,,43,69,18.4,3.6,6.95,2.90,151.1,91.2,92.0,85.1,1952.5,11.6,39.1,587.0,NA,NA,NA,NA,142.3,182.8
313,X,X,,,30,62.5,17.8,7.4,7.05,2.37,153.0,46.1,92.5,87.4,1958.2,15.6,40.2,492.6,NA,NA,NA,NA,105.7,21.4
314,X,X,X,,29,66.5,13.0,4.8,7.05,2.72,137.0,70.8,93.0,88.0,2111.7,10.9,41.4,468.0,NA,NA,NA,NA,195.9,143.6
315,X,X,,,31,62.5,18.4,6.2,6.40,1.78,139.8,37.0,91.9,85.2,1510.4,13.0,38.3,297.2,NA,NA,NA,NA,216.5,122.4
316,X,X,,,35,63.5,19.7,6.6,7.01,1.96,143.6,46.6,92.5,85.7,2001.1,17.5,41.5,345.7,NA,NA,NA,NA,117.1,87.6
317,X,,,,63,74,16.6,6.2,6.93,1.78,135.1,42.2,92.7,85.7,2046.1,7.8,35.1,366.2,NA,NA,NA,NA,163.1,100.4
318,X,X,,,30,59.5,18.1,7.8,6.73,1.94,130.5,43.8,92.0,85.0,1803.0,10.6,37.4,332.4,NA,NA,NA,NA,120.2,23.3
319,X,X,X,,61,85.5,14.9,5.7,6.62,1.95,151.1,40.8,91.6,85.1,1848.1,11.1,39.0,406.2,NA,NA,NA,NA,122.2,54.4
320,X,X,X,,32,65.5,17.6,5.2,6.59,1.95,141.9,36.6,92.0,86.1,1832.9,19.2,35.6,356.3,NA,NA,NA,NA,212.6,148.9
321,X,X,,,55,71,19.8,8.2,6.67,2.36,143.1,51.6,92.6,87.1,1746.7,11.0,39.7,380.6,NA,NA,NA,NA,175.5,134.8
322,X,,,,31,NA,NA,NA,NA,NA,NA,NA,NA,NA,NA,NA,NA,NA,NA,NA,NA,NA,NA,NA
323,X,X,,,29,61,22.7,5.2,6.42,1.67,154.8,30.4,91.8,84.6,1527.4,14.3,47.5,377.8,NA,NA,NA,NA,154.7,98.3
324,X,X,,,55,86,20.0,8.4,7.05,2.30,155.3,41.8,92.2,86.2,1803.5,8.0,32.9,371.6,NA,NA,NA,NA,116.9,112.5
325,X,X,X,,32,60,15.9,6.4,6.93,2.21,163.2,52.4,92.2,87.3,1998.8,10.4,36.0,496.6,NA,NA,NA,NA,97.7,26.0
326,X,X,X,,26,63.5,13.6,3.2,7.04,3.14,145.1,71.9,92.9,87.1,2214.0,14.8,40.2,523.3,NA,NA,NA,NA,179.1,153.8
327,X,X,,,34,61.5,19.5,6.7,7.09,1.75,138.9,39.6,93.3,84.6,1955.6,21.2,41.6,367.6,NA,NA,NA,NA,119.0,79.8
328,X,X,X,,41,74.5,18.5,7.8,6.60,2.12,156.7,48.7,92.1,86.6,1882.9,7.3,44.0,449.2,NA,NA,NA,NA,113.0,23.8
329,X,X,X,X,25,45,19.7,5.9,7.00,2.44,162.3,46.0,92.8,87.2,1891.4,16.4,32.4,342.2,NA,NA,NA,NA,144.2,33.2
330,X,X,X,,27,57.5,20.5,7.7,6.76,2.30,160.6,48.9,92.0,87.4,1719.1,16.2,38.6,380.6,NA,NA,NA,NA,67.0,44.3
331,X,X,,,26,63.5,21.8,4.2,6.56,3.12,148.5,113.7,91.6,83.4,1824.5,11.1,30.7,505.8,NA,NA,NA,NA,143.9,125.2
332,X,X,,,30,66,19.8,6.8,6.31,2.12,124.0,50.4,91.9,84.8,1566.0,11.8,32.6,293.0,NA,NA,NA,NA,143.3,119.8
333,X,,,,NA,NA,NA,NA,NA,NA,NA,NA,NA,NA,NA,NA,NA,NA,NA,NA,NA,NA,NA,NA
334,X,X,X,,27,62.5,19.6,5.4,6.75,2.92,153.0,75.6,92.4,86.5,1978.8,17.4,39.3,449.2,NA,NA,NA,NA,95.4,47.3
335,X,X,X,,27,67,17.6,5.4,7.14,2.38,176.0,66.2,91.9,86.1,1966.7,23.8,37.4,496.6,NA,NA,NA,NA,114.4,83.4
336,X,X,X,,28,62,17.5,5.8,7.33,2.05,151.6,42.8,93.2,87.1,2239.2,20.6,35.1,398.3,NA,NA,NA,NA,166.4,140.1
337,X,X,,,32,54,18.9,6.8,6.80,2.10,156.7,42.8,92.3,86.3,1865.5,7.8,30.2,306.6,NA,NA,NA,NA,145.1,93.3
338,X,X,,,33,63.5,20.0,6.8,6.69,1.78,153.6,37.0,92.5,84.8,1903.8,15.8,37.0,318.4,NA,NA,NA,NA,161.3,100.2
339,X,X,,,29,61,20.4,8.8,6.60,1.98,153.1,37.9,91.8,85.4,1677.2,13.0,37.4,376.7,NA,NA,NA,NA,110.6,27.2
340,X,X,,,28,58,17.3,7.1,6.83,2.06,145.6,44.2,92.3,85.2,1748.1,15.8,38.0,348.8,NA,NA,NA,NA,184.3,101.2
341,X,X,,,30,62,22.7,8.6,7.04,2.03,172.1,44.9,92.4,86.2,1797.9,11.6,37.3,344.8,NA,NA,NA,NA,101.2,26.0
342,X,X,X,,31,58.5,19.7,6.8,6.57,1.90,143.4,37.5,92.0,85.6,1582.0,15.8,40.4,353.5,NA,NA,NA,NA,112.5,33.4
343,X,X,X,X,34,56.5,18.5,7.2,6.95,2.10,145.5,41.6,92.9,86.8,2042.6,7.7,38.4,364.6,NA,NA,NA,NA,136.7,70.9
344,X,X,,,28,58.5,19.3,6.8,6.96,1.91,136.9,35.4,92.2,85.4,1961.9,16.8,39.2,385.1,NA,NA,NA,NA,107.2,31.2
345,X,X,X,,27,55.5,20.1,8.4,6.41,2.15,138.0,43.0,92.0,86.4,1742.4,7.9,38.0,359.8,NA,NA,NA,NA,128.4,53.9
346,X,X,,,27,58,20.6,6.4,7.23,1.95,151.2,39.6,92.9,85.4,1891.4,15.8,37.1,340.8,NA,NA,NA,NA,110.3,36.1
347,X,,,,26,63.5,22.8,4.8,6.67,2.82,141.3,77.3,92.3,87.0,1705.3,9.3,44.2,477.2,NA,NA,NA,NA,165.0,93.8
348,X,X,,,28,62,15.8,7.4,6.75,1.95,139.4,38.6,92.9,86.4,1789.6,13.3,31.2,329.3,NA,NA,NA,NA,148.1,75.2
349,X,X,X,X,27,64,18.0,6.4,6.78,2.05,132.6,42.4,92.4,86.4,1738.8,16.5,38.4,393.4,NA,NA,NA,NA,166.8,121.5
350,X,X,,,28,61,18.8,5.2,6.51,1.78,129.7,36.4,92.3,85.4,1675.7,21.6,39.0,327.0,NA,NA,NA,NA,169.5,93.8
351,X,X,X,,38,71.5,14.7,4.1,6.81,2.38,124.6,57.5,92.5,87.4,1873.2,17.2,37.5,480.1,NA,NA,NA,NA,192.7,162.8
352,X,X,,,61,75.5,21.6,7.0,7.02,1.85,157.4,39.2,92.4,85.6,2013.5,4.6,38.1,457.0,NA,NA,NA,NA,89.2,46.0
353,X,X,,,62,88,15.1,5.1,7.03,1.74,145.8,32.9,92.5,83.4,2051.0,8.2,36.8,367.4,NA,NA,NA,NA,117.0,60.4
354,X,X,,,32,72.5,21.0,9.1,6.21,2.01,152.2,42.0,91.1,85.6,1452.8,8.0,40.2,395.5,NA,NA,NA,NA,97.4,48.1
355,X,X,,,27,50,15.3,5.2,6.80,2.06,123.1,41.0,93.1,87.3,1860.3,13.0,29.0,306.2,NA,NA,NA,NA,176.5,105.9
356,X,X,,,25,57,16.9,7.1,6.93,2.28,148.9,42.6,92.2,86.1,1701.6,17.2,41.2,429.4,NA,NA,NA,NA,71.3,30.5
357,X,X,X,,34,77,21.2,7.7,7.46,1.98,159.2,42.9,92.4,85.8,1891.4,16.4,38.0,314.6,NA,NA,NA,NA,52.2,28.0
358,X,X,X,,55,68.5,17.9,6.4,6.95,1.76,140.4,37.6,92.5,84.1,1927.1,19.8,32.8,320.2,NA,NA,NA,NA,179.8,139.9
359,X,X,X,,27,57,18.0,5.8,6.57,2.48,121.9,53.1,92.4,87.6,1841.6,19.0,44.9,433.5,NA,NA,NA,NA,126.0,55.8
360,X,X,,,28,65,17.3,4.6,7.16,2.28,168.0,46.0,91.9,86.5,1966.9,8.2,36.2,491.9,NA,NA,NA,NA,105.6,60.0
361,X,X,,,38,88,20.3,7.1,6.89,2.46,167.5,66.0,91.9,86.8,2011.4,5.8,36.7,414.6,NA,NA,NA,NA,78.5,36.4
362,X,X,X,,30,64,24.0,6.2,6.48,1.96,181.6,41.0,91.2,84.2,1739.9,14.6,39.2,280.4,NA,NA,NA,NA,51.0,37.1
363,X,X,X,,52,64.5,24.6,10.4,6.86,1.74,149.3,38.4,93.0,85.8,2022.3,14.8,37.6,292.0,NA,NA,NA,NA,85.5,54.3
364,X,X,X,,27,57,19.0,6.5,7.12,2.15,140.4,41.6,92.8,86.2,2123.1,20.4,40.9,439.0,NA,NA,NA,NA,104.9,31.8
365,X,X,X,,26,60,14.6,6.8,6.73,2.11,155.7,44.0,91.9,84.8,1773.7,18.4,37.6,388.8,NA,NA,NA,NA,111.9,38.0
366,X,X,,,24,53,12.2,5.4,7.32,2.23,126.8,40.9,92.9,86.6,2154.7,19.0,35.7,425.5,NA,NA,NA,NA,149.1,105.4
367,X,X,,,55,80,22.9,8.4,6.81,1.94,151.7,41.0,92.1,85.4,1834.0,11.8,34.7,352.2,NA,NA,NA,NA,85.2,23.2
368,X,X,X,,33,63,18.2,8.1,6.67,2.02,131.5,38.6,91.8,85.2,1746.6,16.0,34.4,317.6,NA,NA,NA,NA,137.1,81.3
369,X,X,,,52,75,21.7,6.8,6.59,2.33,162.7,45.8,91.6,86.4,1940.3,5.1,41.2,452.7,NA,NA,NA,NA,88.3,55.6
370,X,X,,,31,68,20.7,8.6,7.28,2.13,147.6,46.0,92.7,85.4,2455.0,13.0,42.2,384.8,NA,NA,NA,NA,86.3,35.2
371,X,X,,,27,61,19.1,6.0,6.97,2.47,135.0,57.9,93.0,86.8,1926.6,12.3,44.0,346.6,NA,NA,NA,NA,118.8,54.3
372,X,X,,,33,60,15.0,5.8,7.40,1.84,138.3,38.5,92.8,85.4,2342.5,21.1,31.2,360.8,NA,NA,NA,NA,83.9,24.0
373,X,X,,,26,53,18.3,4.8,7.31,2.20,136.3,41.7,93.0,87.8,2298.9,11.4,41.3,454.4,NA,NA,NA,NA,106.5,46.3
374,X,X,,,29,59.5,13.8,7.2,6.82,2.20,132.1,50.3,92.7,87.2,2024.0,19.4,32.9,371.2,NA,NA,NA,NA,206.2,141.1
375,X,X,,,39,60.5,18.9,5.8,6.41,2.29,134.1,51.6,92.1,86.2,1857.3,11.5,42.7,404.2,NA,NA,NA,NA,106.3,33.2
376,X,X,X,,27,61,21.2,7.0,7.18,2.34,175.9,57.4,92.0,84.4,2085.1,17.8,39.8,372.4,NA,NA,NA,NA,103.9,53.0
377,X,X,,,26,64,12.0,5.0,7.12,3.13,172.0,81.0,92.4,88.3,2211.1,19.4,37.0,518.0,NA,NA,NA,NA,121.7,65.2
378,X,X,X,,28,65,19.7,7.1,7.20,1.92,144.7,39.7,92.6,86.3,2348.0,11.6,41.9,450.0,NA,NA,NA,NA,85.6,62.8
379,X,X,X,,33,68.5,19.9,7.1,6.95,2.07,138.6,45.6,92.4,86.1,2349.7,13.4,42.8,513.8,NA,NA,NA,NA,149.2,68.4
380,X,X,X,,32,62,18.1,6.5,6.97,2.00,127.7,43.5,92.6,86.4,2248.1,10.0,46.1,494.2,NA,NA,NA,NA,152.0,56.8
381,X,X,X,,29,67,15.2,5.5,6.97,2.04,124.0,43.0,92.6,85.9,2160.5,17.7,40.1,373.7,NA,NA,NA,NA,123.2,88.9
382,X,X,X,,53,74.5,16.2,6.2,6.90,1.97,183.6,43.2,91.8,83.8,1911.2,11.2,32.9,341.9,NA,NA,NA,NA,113.2,25.6
383,X,X,,,33,59.5,17.2,6.2,6.84,1.86,143.4,39.5,92.5,86.3,2238.3,18.2,39.7,383.7,NA,NA,NA,NA,181.7,99.8
384,X,X,,,26,61,21.3,6.2,6.72,1.90,146.1,35.2,92.3,85.0,2012.3,10.5,40.4,361.2,NA,NA,NA,NA,126.2,43.4
386,X,X,,,27,68.5,7.3,2.2,7.64,1.60,125.6,NA,93.5,86.2,2225.2,NA,47.0,NA,NA,NA,NA,NA,128.2,NA
387,X,X,X,,36,62.5,15.2,5.6,6.84,1.96,127.5,38.0,92.6,86.2,1877.1,16.0,38.1,376.4,NA,NA,NA,NA,177.1,105.4
388,X,X,X,,26,62,13.3,5.1,6.85,2.36,153.0,59.2,92.5,87.8,1843.5,23.2,39.9,486.2,NA,NA,NA,NA,173.0,57.9
389,X,X,,,29,63,16.0,7.0,7.03,1.98,130.5,36.7,93.0,86.6,2185.2,21.4,36.1,307.2,NA,NA,NA,NA,203.2,106.8
390,X,X,X,X,44,80.5,16.7,6.1,6.76,2.01,140.4,40.8,91.6,85.6,1920.2,6.8,34.1,385.9,NA,NA,NA,NA,206.5,159.6
391,X,X,,,65,81.5,19.4,6.8,6.24,1.94,143.7,40.8,92.0,85.5,2055.0,8.6,46.5,422.2,NA,NA,NA,NA,131.2,34.6
392,X,X,,,27,60,17.6,6.8,7.28,1.88,139.8,31.0,92.9,85.4,2386.7,14.4,44.5,349.4,NA,NA,NA,NA,139.0,90.6
393,X,X,,,29,60,18.2,6.8,7.13,2.17,135.9,40.4,92.5,86.1,2298.1,11.6,37.4,334.5,NA,NA,NA,NA,180.1,53.0
394,X,X,X,,47,63,20.6,7.1,6.81,1.89,171.9,40.4,92.1,86.1,2043.6,10.0,36.8,412.7,NA,NA,NA,NA,70.2,28.5
395,X,X,,,29,71.5,21.9,7.7,6.54,1.72,156.6,34.0,91.8,84.2,1764.3,13.0,39.4,293.0,NA,NA,NA,NA,134.8,57.6
396,X,X,,,33,72,20.1,7.7,6.94,1.92,161.6,37.2,92.5,86.1,2042.3,9.3,42.1,345.4,NA,NA,NA,NA,69.9,37.4
397,X,X,,,42,68.5,16.4,5.8,6.81,1.98,156.4,44.6,92.1,84.6,1984.9,16.6,31.1,317.1,NA,NA,NA,NA,207.6,172.4
398,X,X,X,,39,69,16.8,7.4,6.97,2.17,148.2,45.4,92.4,87.0,1921.7,11.1,37.5,408.0,NA,NA,NA,NA,162.4,99.5
399,X,X,,,66,96,19.5,6.2,6.95,1.90,156.5,39.2,92.1,85.6,2132.4,6.8,38.2,380.4,NA,NA,NA,NA,111.0,34.0
400,X,X,X,,31,62,18.4,6.0,7.27,2.37,145.1,48.4,92.8,86.6,2374.6,7.8,33.2,406.3,NA,NA,NA,NA,135.9,38.2
402,X,X,X,,27,62.5,14.0,7.0,7.57,2.10,157.1,46.4,92.7,86.5,2191.7,17.6,34.0,445.0,NA,NA,NA,NA,73.3,20.2
403,X,X,,,57,93.5,19.9,5.4,6.86,1.80,156.4,38.6,91.9,84.9,2144.8,8.4,41.4,452.4,NA,NA,NA,NA,121.0,57.4
404,X,X,,,54,83,23.7,8.4,6.69,2.01,188.0,46.8,91.4,85.8,1844.4,8.0,42.9,405.7,NA,NA,NA,NA,86.1,43.6
405,X,,,,70,90,17.6,7.0,6.44,2.12,143.6,44.0,92.3,86.4,2034.7,12.0,41.2,398.8,NA,NA,NA,NA,166.6,148.2
407,X,X,,,52,90,17.9,6.2,7.19,2.03,165.9,44.8,92.3,85.5,2216.9,10.4,41.8,475.0,NA,NA,NA,NA,91.9,29.6
408,X,X,,,28,70,17.9,5.6,7.19,2.08,178.6,42.8,92.6,86.8,2137.4,12.2,41.2,459.1,NA,NA,NA,NA,62.9,25.6
409,X,X,X,,63,94,18.0,6.4,7.28,2.15,159.6,48.6,92.6,87.6,2285.5,15.7,39.1,552.4,NA,NA,NA,NA,87.6,34.5
410,X,X,X,,30,46.5,15.4,5.8,7.53,2.26,147.5,40.7,93.3,87.3,2218.3,11.5,32.4,438.4,NA,NA,NA,NA,187.6,134.3
411,X,X,,,55,74.5,17.6,7.1,6.77,1.54,172.5,30.7,91.8,83.0,2004.1,10.5,36.8,250.6,NA,NA,NA,NA,107.6,61.0
412,X,X,X,,53,95,16.9,5.1,7.07,2.02,156.9,44.8,92.1,85.8,2175.5,9.9,37.7,371.8,NA,NA,NA,NA,109.9,111.4
413,X,X,X,,28,59,25.0,6.4,7.10,1.72,161.4,34.6,92.9,85.1,2193.6,13.8,41.6,308.9,NA,NA,NA,NA,102.2,41.2
414,X,,,,33,NA,NA,NA,NA,NA,NA,NA,NA,NA,NA,NA,NA,NA,NA,NA,NA,NA,NA,NA
415,X,X,,,32,67,19.3,9.1,6.83,2.37,148.5,50.6,92.0,86.6,1879.1,25.2,33.5,325.2,NA,NA,NA,NA,234.8,145.9
416,X,X,,,30,61,15.5,5.8,7.10,2.46,158.4,44.3,92.7,87.4,2368.5,21.5,40.1,455.2,NA,NA,NA,NA,176.5,47.7
417,X,X,,,52,92,11.4,6.5,7.28,2.01,164.9,40.4,92.5,85.1,2286.9,24.6,34.8,329.4,NA,NA,NA,NA,112.4,59.8
418,X,X,,,34,64,22.9,8.5,7.02,2.30,147.5,45.8,92.7,87.0,2236.8,10.5,38.2,428.2,NA,NA,NA,NA,108.9,34.9
419,X,X,,,30,66,20.4,5.0,7.11,1.96,155.9,37.6,92.1,85.0,2188.6,10.2,38.9,416.2,NA,NA,NA,NA,144.2,70.6
420,X,X,,,64,83.5,21.8,6.4,6.63,1.76,158.7,35.6,91.7,84.2,1717.9,9.4,37.4,362.4,NA,NA,NA,NA,99.0,23.6
421,X,X,X,,58,80,15.2,5.4,7.25,2.13,157.1,49.1,92.7,86.5,2192.5,11.1,34.9,411.5,NA,NA,NA,NA,119.2,75.7
422,X,X,,,54,84.5,21.7,8.4,7.11,1.68,164.5,32.6,92.2,83.9,2054.0,11.4,41.0,404.1,NA,NA,NA,NA,91.5,45.7
424,X,X,X,,28,66,10.9,4.6,7.30,2.66,186.6,52.5,92.2,87.2,2011.7,17.4,39.5,389.6,NA,NA,NA,NA,108.3,36.6
425,X,X,,,38,64,18.6,7.2,7.64,2.03,158.4,42.4,93.0,87.0,2711.9,8.4,37.3,425.0,NA,NA,NA,NA,68.9,18.6
426,X,X,,,30,57,17.9,4.1,7.25,1.67,151.1,34.0,93.0,85.8,2446.9,19.8,36.5,418.0,NA,NA,NA,NA,145.5,117.4
427,X,X,,,54,77,19.4,7.8,6.93,1.90,150.3,40.2,92.6,86.8,2245.2,15.2,49.4,440.0,NA,NA,NA,NA,109.2,94.5
428,X,X,,,35,60.5,17.1,6.2,6.66,2.01,150.2,40.2,92.1,86.2,1896.6,15.4,35.9,331.5,NA,NA,NA,NA,240.8,135.0
429,X,X,,,31,52.5,18.4,6.4,6.96,2.07,191.6,44.5,92.2,86.6,2046.3,14.6,34.9,338.1,NA,NA,NA,NA,132.3,87.2
430,X,X,X,,25,54.5,15.6,5.0,7.26,2.33,137.9,42.8,92.9,87.1,2250.0,15.4,38.4,345.8,NA,NA,NA,NA,193.5,94.2
431,X,X,,,33,70,19.8,6.6,6.75,1.86,131.3,33.9,92.6,85.8,2131.8,14.2,41.0,298.9,NA,NA,NA,NA,213.5,114.8
432,X,X,,,27,60.5,20.6,8.4,7.61,2.56,155.3,52.6,92.7,87.6,2465.2,13.8,39.0,438.2,NA,NA,NA,NA,111.4,25.7
